Title,Agency,Release Date,Incident Date,Incident Location,PDF | Image Link,Type,Document Link,Source Filename,File Group,Output Path
65_HS1-834228961_62-HQ-83894_Section_10,FBI,5/8/26,,,file:///home/prime/Documents/g3/ufo/uap_files/AARO_2026_release_01_pdfs/65_HS1-834228961_62-HQ-83894_Section_10.pdf,PDF,file:///home/prime/Documents/g3/ufo/uap_files/AARO_2026_release_01_pdfs/65_HS1-834228961_62-HQ-83894_Section_10.pdf,65_HS1-834228961_62-HQ-83894_Section_10.pdf,PDF,ufo_release/FBI/PDF/65_HS1-834228961_62-HQ-83894_Section_10.pdf
65_HS1-834228961_62-HQ-83894_Section_2,FBI,5/8/26,,,file:///home/prime/Documents/g3/ufo/uap_files/AARO_2026_release_01_pdfs/65_HS1-834228961_62-HQ-83894_Section_2.pdf,PDF,file:///home/prime/Documents/g3/ufo/uap_files/AARO_2026_release_01_pdfs/65_HS1-834228961_62-HQ-83894_Section_2.pdf,65_HS1-834228961_62-HQ-83894_Section_2.pdf,PDF,ufo_release/FBI/PDF/65_HS1-834228961_62-HQ-83894_Section_2.pdf
65_HS1-834228961_62-HQ-83894_Section_3,FBI,5/8/26,,,file:///home/prime/Documents/g3/ufo/uap_files/AARO_2026_release_01_pdfs/65_HS1-834228961_62-HQ-83894_Section_3.pdf,PDF,file:///home/prime/Documents/g3/ufo/uap_files/AARO_2026_release_01_pdfs/65_HS1-834228961_62-HQ-83894_Section_3.pdf,65_HS1-834228961_62-HQ-83894_Section_3.pdf,PDF,ufo_release/FBI/PDF/65_HS1-834228961_62-HQ-83894_Section_3.pdf
65_HS1-834228961_62-HQ-83894_Section_4,FBI,5/8/26,,,file:///home/prime/Documents/g3/ufo/uap_files/AARO_2026_release_01_pdfs/65_HS1-834228961_62-HQ-83894_Section_4.pdf,PDF,file:///home/prime/Documents/g3/ufo/uap_files/AARO_2026_release_01_pdfs/65_HS1-834228961_62-HQ-83894_Section_4.pdf,65_HS1-834228961_62-HQ-83894_Section_4.pdf,PDF,ufo_release/FBI/PDF/65_HS1-834228961_62-HQ-83894_Section_4.pdf
65_HS1-834228961_62-HQ-83894_Section_5,FBI,5/8/26,,,file:///home/prime/Documents/g3/ufo/uap_files/AARO_2026_release_01_pdfs/65_HS1-834228961_62-HQ-83894_Section_5.pdf,PDF,file:///home/prime/Documents/g3/ufo/uap_files/AARO_2026_release_01_pdfs/65_HS1-834228961_62-HQ-83894_Section_5.pdf,65_HS1-834228961_62-HQ-83894_Section_5.pdf,PDF,ufo_release/FBI/PDF/65_HS1-834228961_62-HQ-83894_Section_5.pdf
65_HS1-834228961_62-HQ-83894_Section_6,FBI,5/8/26,,,file:///home/prime/Documents/g3/ufo/uap_files/AARO_2026_release_01_pdfs/65_HS1-834228961_62-HQ-83894_Section_6.pdf,PDF,file:///home/prime/Documents/g3/ufo/uap_files/AARO_2026_release_01_pdfs/65_HS1-834228961_62-HQ-83894_Section_6.pdf,65_HS1-834228961_62-HQ-83894_Section_6.pdf,PDF,ufo_release/FBI/PDF/65_HS1-834228961_62-HQ-83894_Section_6.pdf
65_HS1-834228961_62-HQ-83894_Section_7,FBI,5/8/26,,,file:///home/prime/Documents/g3/ufo/uap_files/AARO_2026_release_01_pdfs/65_HS1-834228961_62-HQ-83894_Section_7.pdf,PDF,file:///home/prime/Documents/g3/ufo/uap_files/AARO_2026_release_01_pdfs/65_HS1-834228961_62-HQ-83894_Section_7.pdf,65_HS1-834228961_62-HQ-83894_Section_7.pdf,PDF,ufo_release/FBI/PDF/65_HS1-834228961_62-HQ-83894_Section_7.pdf
65_HS1-834228961_62-HQ-83894_Section_9,FBI,5/8/26,,,file:///home/prime/Documents/g3/ufo/uap_files/AARO_2026_release_01_pdfs/65_HS1-834228961_62-HQ-83894_Section_9.pdf,PDF,file:///home/prime/Documents/g3/ufo/uap_files/AARO_2026_release_01_pdfs/65_HS1-834228961_62-HQ-83894_Section_9.pdf,65_HS1-834228961_62-HQ-83894_Section_9.pdf,PDF,ufo_release/FBI/PDF/65_HS1-834228961_62-HQ-83894_Section_9.pdf
65_HS1-834228961_62-HQ-83894_Serial_130,FBI,5/8/26,,,file:///home/prime/Documents/g3/ufo/uap_files/AARO_2026_release_01_pdfs/65_HS1-834228961_62-HQ-83894_Serial_130.pdf,PDF,file:///home/prime/Documents/g3/ufo/uap_files/AARO_2026_release_01_pdfs/65_HS1-834228961_62-HQ-83894_Serial_130.pdf,65_HS1-834228961_62-HQ-83894_Serial_130.pdf,PDF,ufo_release/FBI/PDF/65_HS1-834228961_62-HQ-83894_Serial_130.pdf
65_HS1-834228961_62-HQ-83894_Serial_153,FBI,5/8/26,,,https://www.war.gov/medialink/ufo/release_1/65_hs1-834228961_62-hq-83894_serial_153.pdf,PDF,https://www.war.gov/medialink/ufo/release_1/65_hs1-834228961_62-hq-83894_serial_153.pdf,65_HS1-834228961_62-HQ-83894_Serial_153.pdf,PDF,ufo_release/FBI/PDF/65_HS1-834228961_62-HQ-83894_Serial_153.pdf
65_HS1-834228961_62-HQ-83894_Serial_164,FBI,5/8/26,,,file:///home/prime/Documents/g3/ufo/uap_files/AARO_2026_release_01_pdfs/65_HS1-834228961_62-HQ-83894_Serial_164.pdf,PDF,file:///home/prime/Documents/g3/ufo/uap_files/AARO_2026_release_01_pdfs/65_HS1-834228961_62-HQ-83894_Serial_164.pdf,65_HS1-834228961_62-HQ-83894_Serial_164.pdf,PDF,ufo_release/FBI/PDF/65_HS1-834228961_62-HQ-83894_Serial_164.pdf
65_HS1-834228961_62-HQ-83894_Serial_220,FBI,5/8/26,,,file:///home/prime/Documents/g3/ufo/uap_files/AARO_2026_release_01_pdfs/65_HS1-834228961_62-HQ-83894_Serial_220.pdf,PDF,file:///home/prime/Documents/g3/ufo/uap_files/AARO_2026_release_01_pdfs/65_HS1-834228961_62-HQ-83894_Serial_220.pdf,65_HS1-834228961_62-HQ-83894_Serial_220.pdf,PDF,ufo_release/FBI/PDF/65_HS1-834228961_62-HQ-83894_Serial_220.pdf
65_HS1-834228961_62-HQ-83894_Serial_403,FBI,5/8/26,,,file:///home/prime/Documents/g3/ufo/uap_files/AARO_2026_release_01_pdfs/65_HS1-834228961_62-HQ-83894_Serial_403.pdf,PDF,file:///home/prime/Documents/g3/ufo/uap_files/AARO_2026_release_01_pdfs/65_HS1-834228961_62-HQ-83894_Serial_403.pdf,65_HS1-834228961_62-HQ-83894_Serial_403.pdf,PDF,ufo_release/FBI/PDF/65_HS1-834228961_62-HQ-83894_Serial_403.pdf
65_HS1-834228961_62-HQ-83894_Serial_438,FBI,5/8/26,,,file:///home/prime/Documents/g3/ufo/uap_files/AARO_2026_release_01_pdfs/65_HS1-834228961_62-HQ-83894_Serial_438.pdf,PDF,file:///home/prime/Documents/g3/ufo/uap_files/AARO_2026_release_01_pdfs/65_HS1-834228961_62-HQ-83894_Serial_438.pdf,65_HS1-834228961_62-HQ-83894_Serial_438.pdf,PDF,ufo_release/FBI/PDF/65_HS1-834228961_62-HQ-83894_Serial_438.pdf
65_HS1-834228961_62-HQ-83894_Serial_449,FBI,5/8/26,,,file:///home/prime/Documents/g3/ufo/uap_files/AARO_2026_release_01_pdfs/65_HS1-834228961_62-HQ-83894_Serial_449.pdf,PDF,file:///home/prime/Documents/g3/ufo/uap_files/AARO_2026_release_01_pdfs/65_HS1-834228961_62-HQ-83894_Serial_449.pdf,65_HS1-834228961_62-HQ-83894_Serial_449.pdf,PDF,ufo_release/FBI/PDF/65_HS1-834228961_62-HQ-83894_Serial_449.pdf
65_HS1-834228961_62-HQ-83894_SUB_A,FBI,5/8/26,,,file:///home/prime/Documents/g3/ufo/uap_files/AARO_2026_release_01_pdfs/65_HS1-834228961_62-HQ-83894_SUB_A.pdf,PDF,file:///home/prime/Documents/g3/ufo/uap_files/AARO_2026_release_01_pdfs/65_HS1-834228961_62-HQ-83894_SUB_A.pdf,65_HS1-834228961_62-HQ-83894_SUB_A.pdf,PDF,ufo_release/FBI/PDF/65_HS1-834228961_62-HQ-83894_SUB_A.pdf
18_100754_ General 1946-7_Vol_2,Department of War,5/8/26,12/30/47,,file:///home/prime/Documents/g3/ufo/uap_files/AARO_2026_release_01_pdfs/18_100754__General_1946-7_Vol_2.pdf,PDF,file:///home/prime/Documents/g3/ufo/uap_files/AARO_2026_release_01_pdfs/18_100754__General_1946-7_Vol_2.pdf,18_100754__General_1946-7_Vol_2.pdf,PDF,ufo_release/Department of War/PDF/18_100754__General_1946-7_Vol_2.pdf
18_6369445_General_1948_Vol_1,Department of War,5/8/26,6/15/48,,file:///home/prime/Documents/g3/ufo/uap_files/AARO_2026_release_01_pdfs/18_6369445_General_1948_Vol_1.pdf,PDF,file:///home/prime/Documents/g3/ufo/uap_files/AARO_2026_release_01_pdfs/18_6369445_General_1948_Vol_1.pdf,18_6369445_General_1948_Vol_1.pdf,PDF,ufo_release/Department of War/PDF/18_6369445_General_1948_Vol_1.pdf
255_413270_UFO's_and_Defense_What_Should_we_Prepare_For,NASA,5/8/26,,,file:///home/prime/Documents/g3/ufo/uap_files/AARO_2026_release_01_pdfs/255_413270_UFO_s_and_Defense_What_Should_we_Prepare_For.pdf,PDF,file:///home/prime/Documents/g3/ufo/uap_files/AARO_2026_release_01_pdfs/255_413270_UFO_s_and_Defense_What_Should_we_Prepare_For.pdf,255_413270_UFO_s_and_Defense_What_Should_we_Prepare_For.pdf,PDF,ufo_release/NASA/PDF/255_413270_UFO_s_and_Defense_What_Should_we_Prepare_For.pdf
255_t_763_r1b_transcripts,NASA,5/8/26,12/5/65,Low Earth Orbit,file:///home/prime/Documents/g3/ufo/uap_files/AARO_2026_release_01_pdfs/255_t_763_r1b_transcripts.pdf,PDF,file:///home/prime/Documents/g3/ufo/uap_files/AARO_2026_release_01_pdfs/255_t_763_r1b_transcripts.pdf,255_t_763_r1b_transcripts.pdf,PDF,ufo_release/NASA/PDF/255_t_763_r1b_transcripts.pdf
255-t-763-r1b-excerpt,NASA,5/8/26,12/5/65,Low Earth Orbit,file:///home/prime/Documents/g3/ufo/uap_files/AARO_2026_release_01_videos/255-t-763-r1b-excerpt.mp4,VID,file:///home/prime/Documents/g3/ufo/uap_files/AARO_2026_release_01_videos/255-t-763-r1b-excerpt.mp4,255-t-763-r1b-excerpt.mp4,VID,ufo_release/NASA/VID/255-t-763-r1b-excerpt.mp4
331_120752_Numeric_Files_1944–1945_37153_German_Armament_Equipment_Documents,Department of War,5/8/26,3/18/45,Germany,file:///home/prime/Documents/g3/ufo/uap_files/AARO_2026_release_01_pdfs/331_120752_Numeric_Files_1944_1945_37153_German_Armament_Equipment_Documents.pdf,PDF,file:///home/prime/Documents/g3/ufo/uap_files/AARO_2026_release_01_pdfs/331_120752_Numeric_Files_1944_1945_37153_German_Armament_Equipment_Documents.pdf,331_120752_Numeric_Files_1944_1945_37153_German_Armament_Equipment_Documents.pdf,PDF,ufo_release/Department of War/PDF/331_120752_Numeric_Files_1944_1945_37153_German_Armament_Equipment_Documents.pdf
341_110448_Records_Relating_to_the_Collection_and_Dissemination_of_Intelligence_1948-1955-TS_CONT_No.2_2-5300-2-5399,Department of War,5/8/26,11/8/48,Netherlands,file:///home/prime/Documents/g3/ufo/uap_files/AARO_2026_release_01_pdfs/341_110448_Records_Relating_to_the_Collection_and_Dissemination_of_Intelligence_1948-1955-TS_CONT_No_2_2-5300-2-5399.pdf,PDF,file:///home/prime/Documents/g3/ufo/uap_files/AARO_2026_release_01_pdfs/341_110448_Records_Relating_to_the_Collection_and_Dissemination_of_Intelligence_1948-1955-TS_CONT_No_2_2-5300-2-5399.pdf,341_110448_Records_Relating_to_the_Collection_and_Dissemination_of_Intelligence_1948-1955-TS_CONT_No_2_2-5300-2-5399.pdf,PDF,ufo_release/Department of War/PDF/341_110448_Records_Relating_to_the_Collection_and_Dissemination_of_Intelligence_1948-1955-TS_CONT_No_2_2-5300-2-5399.pdf
"341_110677_Numerical_File,_5-2500",Department of War,5/8/26,10/14/55,Azerbaijan,file:///home/prime/Documents/g3/ufo/uap_files/AARO_2026_release_01_pdfs/341_110677_Numerical_File__5-2500.pdf,PDF,file:///home/prime/Documents/g3/ufo/uap_files/AARO_2026_release_01_pdfs/341_110677_Numerical_File__5-2500.pdf,341_110677_Numerical_File__5-2500.pdf,PDF,ufo_release/Department of War/PDF/341_110677_Numerical_File__5-2500.pdf
342_HS1-416511228_319.1 Flying Discs 1949,Department of War,5/8/26,1/9/50,,file:///home/prime/Documents/g3/ufo/uap_files/AARO_2026_release_01_pdfs/342_HS1-416511228_319_1_Flying_Discs_1949.pdf,PDF,file:///home/prime/Documents/g3/ufo/uap_files/AARO_2026_release_01_pdfs/342_HS1-416511228_319_1_Flying_Discs_1949.pdf,342_HS1-416511228_319_1_Flying_Discs_1949.pdf,PDF,ufo_release/Department of War/PDF/342_HS1-416511228_319_1_Flying_Discs_1949.pdf
38_143685_box_Incident_Summaries_101-172,Department of War,5/8/26,,,file:///home/prime/Documents/g3/ufo/uap_files/AARO_2026_release_01_pdfs/38_143685_box_Incident_Summaries_101-172.pdf,PDF,file:///home/prime/Documents/g3/ufo/uap_files/AARO_2026_release_01_pdfs/38_143685_box_Incident_Summaries_101-172.pdf,38_143685_box_Incident_Summaries_101-172.pdf,PDF,ufo_release/Department of War/PDF/38_143685_box_Incident_Summaries_101-172.pdf
38_143685_box_Incident_Summaries_173-233,Department of War,5/8/26,,,file:///home/prime/Documents/g3/ufo/uap_files/AARO_2026_release_01_pdfs/38_143685_box_Incident_Summaries_173-233.pdf,PDF,file:///home/prime/Documents/g3/ufo/uap_files/AARO_2026_release_01_pdfs/38_143685_box_Incident_Summaries_173-233.pdf,38_143685_box_Incident_Summaries_173-233.pdf,PDF,ufo_release/Department of War/PDF/38_143685_box_Incident_Summaries_173-233.pdf
38_143685_box7_Incident_Summaries_1-100,Department of War,5/8/26,,,file:///home/prime/Documents/g3/ufo/uap_files/AARO_2026_release_01_pdfs/38_143685_box7_Incident_Summaries_1-100.pdf,PDF,file:///home/prime/Documents/g3/ufo/uap_files/AARO_2026_release_01_pdfs/38_143685_box7_Incident_Summaries_1-100.pdf,38_143685_box7_Incident_Summaries_1-100.pdf,PDF,ufo_release/Department of War/PDF/38_143685_box7_Incident_Summaries_1-100.pdf
59_214434_SP 16 [7.18.1963],Department of State,5/8/26,7/18/63,,file:///home/prime/Documents/g3/ufo/uap_files/AARO_2026_release_01_pdfs/59_214434_SP_16__7_18_1963_.pdf,PDF,file:///home/prime/Documents/g3/ufo/uap_files/AARO_2026_release_01_pdfs/59_214434_SP_16__7_18_1963_.pdf,59_214434_SP_16__7_18_1963_.pdf,PDF,ufo_release/Department of State/PDF/59_214434_SP_16__7_18_1963_.pdf
59_64634_711.5612[7-2852,Department of State,5/8/26,7/18/52,,file:///home/prime/Documents/g3/ufo/uap_files/AARO_2026_release_01_pdfs/59_64634_711_5612_7-2852.pdf,PDF,file:///home/prime/Documents/g3/ufo/uap_files/AARO_2026_release_01_pdfs/59_64634_711_5612_7-2852.pdf,59_64634_711_5612_7-2852.pdf,PDF,ufo_release/Department of State/PDF/59_64634_711_5612_7-2852.pdf
65_HS1-101634279_100-DE-18221_Serial_844,FBI,5/8/26,4/17/58,"Detroit, MI",file:///home/prime/Documents/g3/ufo/uap_files/AARO_2026_release_01_pdfs/65_HS1-101634279_100-DE-18221_Serial_844.pdf,PDF,file:///home/prime/Documents/g3/ufo/uap_files/AARO_2026_release_01_pdfs/65_HS1-101634279_100-DE-18221_Serial_844.pdf,65_HS1-101634279_100-DE-18221_Serial_844.pdf,PDF,ufo_release/FBI/PDF/65_HS1-101634279_100-DE-18221_Serial_844.pdf
65_HS1-101634279_100-DE-26505,FBI,5/8/26,11/7/57,Germany,file:///home/prime/Documents/g3/ufo/uap_files/AARO_2026_release_01_pdfs/65_HS1-101634279_100-DE-26505.pdf,PDF,file:///home/prime/Documents/g3/ufo/uap_files/AARO_2026_release_01_pdfs/65_HS1-101634279_100-DE-26505.pdf,65_HS1-101634279_100-DE-26505.pdf,PDF,ufo_release/FBI/PDF/65_HS1-101634279_100-DE-26505.pdf
65_HS1-834228961_62-HQ-83894_Section_1,FBI,5/8/26,,,file:///home/prime/Documents/g3/ufo/uap_files/AARO_2026_release_01_pdfs/65_HS1-834228961_62-HQ-83894_Section_1.pdf,PDF,file:///home/prime/Documents/g3/ufo/uap_files/AARO_2026_release_01_pdfs/65_HS1-834228961_62-HQ-83894_Section_1.pdf,65_HS1-834228961_62-HQ-83894_Section_1.pdf,PDF,ufo_release/FBI/PDF/65_HS1-834228961_62-HQ-83894_Section_1.pdf
65_HS1-834228961_62-HQ-83894_Section_8,FBI,5/8/26,,,file:///home/prime/Documents/g3/ufo/uap_files/AARO_2026_release_01_pdfs/65_HS1-834228961_62-HQ-83894_Section_8.pdf,PDF,file:///home/prime/Documents/g3/ufo/uap_files/AARO_2026_release_01_pdfs/65_HS1-834228961_62-HQ-83894_Section_8.pdf,65_HS1-834228961_62-HQ-83894_Section_8.pdf,PDF,ufo_release/FBI/PDF/65_HS1-834228961_62-HQ-83894_Section_8.pdf
"DOW-UAP-D10, Mission Report, Middle East, May 2022",Department of War,5/8/26,5/6/22,Iraq,file:///home/prime/Documents/g3/ufo/uap_files/AARO_2026_release_01_videos/DOW-UAP-D10__Mission_Report__Middle_East__May_2022.mp4,PDF,file:///home/prime/Documents/g3/ufo/uap_files/AARO_2026_release_01_videos/DOW-UAP-D10__Mission_Report__Middle_East__May_2022.mp4,DOW-UAP-D10__Mission_Report__Middle_East__May_2022.mp4,VID,ufo_release/Department of War/VID/DOW-UAP-D10__Mission_Report__Middle_East__May_2022.mp4
"DOW-UAP-D12, Mission Report, Iraq, May 2022",Department of War,5/8/26,5/20/22,Iraq,file:///home/prime/Documents/g3/ufo/uap_files/AARO_2026_release_01_pdfs/DOW-UAP-D12__Mission_Report__Iraq__May_2022.pdf,PDF,file:///home/prime/Documents/g3/ufo/uap_files/AARO_2026_release_01_pdfs/DOW-UAP-D12__Mission_Report__Iraq__May_2022.pdf,DOW-UAP-D12__Mission_Report__Iraq__May_2022.pdf,PDF,ufo_release/Department of War/PDF/DOW-UAP-D12__Mission_Report__Iraq__May_2022.pdf
"DOW-UAP-D14, Mission Report, Iraq, May 2022",Department of War,5/8/26,5/29/22,Syria,file:///home/prime/Documents/g3/ufo/uap_files/AARO_2026_release_01_videos/DOW-UAP-D14__Mission_Report__Iraq__May_2022.mp4,PDF,file:///home/prime/Documents/g3/ufo/uap_files/AARO_2026_release_01_videos/DOW-UAP-D14__Mission_Report__Iraq__May_2022.mp4,DOW-UAP-D14__Mission_Report__Iraq__May_2022.mp4,VID,ufo_release/Department of War/VID/DOW-UAP-D14__Mission_Report__Iraq__May_2022.mp4
"DOW-UAP-D16, Mission Report, Syria, July 2022",Department of War,5/8/26,7/31/22,Syria,file:///home/prime/Documents/g3/ufo/uap_files/AARO_2026_release_01_videos/DOW-UAP-D16__Mission_Report__Syria__July_2022.mp4,PDF,file:///home/prime/Documents/g3/ufo/uap_files/AARO_2026_release_01_videos/DOW-UAP-D16__Mission_Report__Syria__July_2022.mp4,DOW-UAP-D16__Mission_Report__Syria__July_2022.mp4,VID,ufo_release/Department of War/VID/DOW-UAP-D16__Mission_Report__Syria__July_2022.mp4
"DOW-UAP-D18, Mission Report, Iraq, December 2022",Department of War,5/8/26,12/1/22,Iraq,file:///home/prime/Documents/g3/ufo/uap_files/AARO_2026_release_01_videos/DOW-UAP-D18__Mission_Report__Iraq__December_2022.mp4,PDF,file:///home/prime/Documents/g3/ufo/uap_files/AARO_2026_release_01_videos/DOW-UAP-D18__Mission_Report__Iraq__December_2022.mp4,DOW-UAP-D18__Mission_Report__Iraq__December_2022.mp4,VID,ufo_release/Department of War/VID/DOW-UAP-D18__Mission_Report__Iraq__December_2022.mp4
"DOW-UAP-D19, Mission Report, Syria, February 21, 2023",Department of War,5/8/26,2/21/23,Syria,file:///home/prime/Documents/g3/ufo/uap_files/AARO_2026_release_01_pdfs/DOW-UAP-D19__Mission_Report__Syria__February_21__2023.pdf,PDF,file:///home/prime/Documents/g3/ufo/uap_files/AARO_2026_release_01_pdfs/DOW-UAP-D19__Mission_Report__Syria__February_21__2023.pdf,DOW-UAP-D19__Mission_Report__Syria__February_21__2023.pdf,PDF,ufo_release/Department of War/PDF/DOW-UAP-D19__Mission_Report__Syria__February_21__2023.pdf
"DOW-UAP-D20, Mission Report, Southern United States, 2020",Department of War,5/8/26,3/31/23,Iraq,file:///home/prime/Documents/g3/ufo/uap_files/AARO_2026_release_01_pdfs/DOW-UAP-D20__Mission_Report__Southern_United_States__2020.pdf,PDF,file:///home/prime/Documents/g3/ufo/uap_files/AARO_2026_release_01_pdfs/DOW-UAP-D20__Mission_Report__Southern_United_States__2020.pdf,DOW-UAP-D20__Mission_Report__Southern_United_States__2020.pdf,PDF,ufo_release/Department of War/PDF/DOW-UAP-D20__Mission_Report__Southern_United_States__2020.pdf
"DOW-UAP-D23, Mission Report, United Arab Emirates, October 2023",Department of War,5/8/26,10/31/23,Persian Gulf,file:///home/prime/Documents/g3/ufo/uap_files/AARO_2026_release_01_videos/DOW-UAP-D23__Mission_Report__United_Arab_Emirates__October_2023.mp4,PDF,file:///home/prime/Documents/g3/ufo/uap_files/AARO_2026_release_01_videos/DOW-UAP-D23__Mission_Report__United_Arab_Emirates__October_2023.mp4,DOW-UAP-D23__Mission_Report__United_Arab_Emirates__October_2023.mp4,VID,ufo_release/Department of War/VID/DOW-UAP-D23__Mission_Report__United_Arab_Emirates__October_2023.mp4
"DOW-UAP-D23, Mission Report, United Arab Emirates, October 2023",Department of War,5/8/26,10/31/23,Persian Gulf,file:///home/prime/Documents/g3/ufo/uap_files/AARO_2026_release_01_videos/DOW-UAP-D23__Mission_Report__United_Arab_Emirates__October_2023.mp4,PDF,file:///home/prime/Documents/g3/ufo/uap_files/AARO_2026_release_01_videos/DOW-UAP-D23__Mission_Report__United_Arab_Emirates__October_2023.mp4,DOW-UAP-D23__Mission_Report__United_Arab_Emirates__October_2023.mp4,VID,ufo_release/Department of War/VID/DOW-UAP-D23__Mission_Report__United_Arab_Emirates__October_2023.mp4
"DOW-UAP-D25, Mission Report, Greece, January 2024",Department of War,5/8/26,1/25/24,Mediterranean Sea,file:///home/prime/Documents/g3/ufo/uap_files/AARO_2026_release_01_pdfs/DOW-UAP-D25__Mission_Report__Greece__January_2024.pdf,PDF,file:///home/prime/Documents/g3/ufo/uap_files/AARO_2026_release_01_pdfs/DOW-UAP-D25__Mission_Report__Greece__January_2024.pdf,DOW-UAP-D25__Mission_Report__Greece__January_2024.pdf,PDF,ufo_release/Department of War/PDF/DOW-UAP-D25__Mission_Report__Greece__January_2024.pdf
"DOW-UAP-D27, Mission Report, United Arab Emirates, October 2023",Department of War,5/8/26,6/7/24,Gulf of Oman,file:///home/prime/Documents/g3/ufo/uap_files/AARO_2026_release_01_pdfs/DOW-UAP-D27__Mission_Report__United_Arab_Emirates__October_2023.pdf,PDF,file:///home/prime/Documents/g3/ufo/uap_files/AARO_2026_release_01_pdfs/DOW-UAP-D27__Mission_Report__United_Arab_Emirates__October_2023.pdf,DOW-UAP-D27__Mission_Report__United_Arab_Emirates__October_2023.pdf,PDF,ufo_release/Department of War/PDF/DOW-UAP-D27__Mission_Report__United_Arab_Emirates__October_2023.pdf
"DOW-UAP-D28, Mission Report, Iraq, September 2024",Department of War,5/8/26,9/20/24,Iraq,file:///home/prime/Documents/g3/ufo/uap_files/AARO_2026_release_01_pdfs/DOW-UAP-D28__Mission_Report__Iraq__September_2024.pdf,PDF,file:///home/prime/Documents/g3/ufo/uap_files/AARO_2026_release_01_pdfs/DOW-UAP-D28__Mission_Report__Iraq__September_2024.pdf,DOW-UAP-D28__Mission_Report__Iraq__September_2024.pdf,PDF,ufo_release/Department of War/PDF/DOW-UAP-D28__Mission_Report__Iraq__September_2024.pdf
"DOW-UAP-D3, Mission Report, Arabian Gulf, 2020",Department of War,5/8/26,,,file:///home/prime/Documents/g3/ufo/uap_files/AARO_2026_release_01_pdfs/DOW-UAP-D3__Mission_Report__Arabian_Gulf__2020.pdf,PDF,file:///home/prime/Documents/g3/ufo/uap_files/AARO_2026_release_01_pdfs/DOW-UAP-D3__Mission_Report__Arabian_Gulf__2020.pdf,DOW-UAP-D3__Mission_Report__Arabian_Gulf__2020.pdf,PDF,ufo_release/Department of War/PDF/DOW-UAP-D3__Mission_Report__Arabian_Gulf__2020.pdf
"DOW-UAP-D32, Mission Report, Syria, October 2024",Department of War,5/8/26,10/20/24,Syria,file:///home/prime/Documents/g3/ufo/uap_files/AARO_2026_release_01_videos/DOW-UAP-D32__Mission_Report__Syria__October_2024.mp4,PDF,file:///home/prime/Documents/g3/ufo/uap_files/AARO_2026_release_01_videos/DOW-UAP-D32__Mission_Report__Syria__October_2024.mp4,DOW-UAP-D32__Mission_Report__Syria__October_2024.mp4,VID,ufo_release/Department of War/VID/DOW-UAP-D32__Mission_Report__Syria__October_2024.mp4
"DOW-UAP-D32, Mission Report, Syria, October 2024",Department of War,5/8/26,10/20/24,Syria,file:///home/prime/Documents/g3/ufo/uap_files/AARO_2026_release_01_videos/DOW-UAP-D32__Mission_Report__Syria__October_2024.mp4,PDF,file:///home/prime/Documents/g3/ufo/uap_files/AARO_2026_release_01_videos/DOW-UAP-D32__Mission_Report__Syria__October_2024.mp4,DOW-UAP-D32__Mission_Report__Syria__October_2024.mp4,VID,ufo_release/Department of War/VID/DOW-UAP-D32__Mission_Report__Syria__October_2024.mp4
"DOW-UAP-D32, Mission Report, Syria, October 2024",Department of War,5/8/26,10/20/24,Syria,file:///home/prime/Documents/g3/ufo/uap_files/AARO_2026_release_01_videos/DOW-UAP-D32__Mission_Report__Syria__October_2024.mp4,PDF,file:///home/prime/Documents/g3/ufo/uap_files/AARO_2026_release_01_videos/DOW-UAP-D32__Mission_Report__Syria__October_2024.mp4,DOW-UAP-D32__Mission_Report__Syria__October_2024.mp4,VID,ufo_release/Department of War/VID/DOW-UAP-D32__Mission_Report__Syria__October_2024.mp4
"DOW-UAP-D33, Mission Report, Greece, October 2023",Department of War,5/8/26,10/27/23,Aegean Sea,file:///home/prime/Documents/g3/ufo/uap_files/AARO_2026_release_01_videos/DOW-UAP-D33__Mission_Report__Greece__October_2023.mp4,PDF,file:///home/prime/Documents/g3/ufo/uap_files/AARO_2026_release_01_videos/DOW-UAP-D33__Mission_Report__Greece__October_2023.mp4,DOW-UAP-D33__Mission_Report__Greece__October_2023.mp4,VID,ufo_release/Department of War/VID/DOW-UAP-D33__Mission_Report__Greece__October_2023.mp4
"DOW-UAP-D35, Mission Report, Greece, October 2023",Department of War,5/8/26,10/29/23,Aegean Sea,file:///home/prime/Documents/g3/ufo/uap_files/AARO_2026_release_01_videos/DOW-UAP-D35__Mission_Report__Greece__October_2023.mp4,PDF,file:///home/prime/Documents/g3/ufo/uap_files/AARO_2026_release_01_videos/DOW-UAP-D35__Mission_Report__Greece__October_2023.mp4,DOW-UAP-D35__Mission_Report__Greece__October_2023.mp4,VID,ufo_release/Department of War/VID/DOW-UAP-D35__Mission_Report__Greece__October_2023.mp4
"DOW-UAP-D38, Range Fouler Debrief, Middle East, May 2020",Department of War,5/8/26,5/14/20,Persian Gulf,file:///home/prime/Documents/g3/ufo/uap_files/AARO_2026_release_01_videos/DOW-UAP-D38__Range_Fouler_Debrief__Middle_East__May_2020.mp4,PDF,file:///home/prime/Documents/g3/ufo/uap_files/AARO_2026_release_01_videos/DOW-UAP-D38__Range_Fouler_Debrief__Middle_East__May_2020.mp4,DOW-UAP-D38__Range_Fouler_Debrief__Middle_East__May_2020.mp4,VID,ufo_release/Department of War/VID/DOW-UAP-D38__Range_Fouler_Debrief__Middle_East__May_2020.mp4
"DOW-UAP-D4, Mission Report, Arabian Gulf, 2020",Department of War,5/8/26,,,file:///home/prime/Documents/g3/ufo/uap_files/AARO_2026_release_01_pdfs/DOW-UAP-D4__Mission_Report__Arabian_Gulf__2020.pdf,PDF,file:///home/prime/Documents/g3/ufo/uap_files/AARO_2026_release_01_pdfs/DOW-UAP-D4__Mission_Report__Arabian_Gulf__2020.pdf,DOW-UAP-D4__Mission_Report__Arabian_Gulf__2020.pdf,PDF,ufo_release/Department of War/PDF/DOW-UAP-D4__Mission_Report__Arabian_Gulf__2020.pdf
"DOW-UAP-D42, Range Fouler Debrief, Japan, 2023",Department of War,5/8/26,8/31/20,Arabian Gulf,file:///home/prime/Documents/g3/ufo/uap_files/AARO_2026_release_01_pdfs/DOW-UAP-D42__Range_Fouler_Debrief__Japan__2023.pdf,PDF,file:///home/prime/Documents/g3/ufo/uap_files/AARO_2026_release_01_pdfs/DOW-UAP-D42__Range_Fouler_Debrief__Japan__2023.pdf,DOW-UAP-D42__Range_Fouler_Debrief__Japan__2023.pdf,PDF,ufo_release/Department of War/PDF/DOW-UAP-D42__Range_Fouler_Debrief__Japan__2023.pdf
"DOW-UAP-D44, Range Fouler Reporting Form, Gulf of Aden, October 2020",Department of War,5/8/26,10/15/20,Arabian Sea,file:///home/prime/Documents/g3/ufo/uap_files/AARO_2026_release_01_pdfs/DOW-UAP-D44__Range_Fouler_Reporting_Form__Gulf_of_Aden__October_2020.pdf,PDF,file:///home/prime/Documents/g3/ufo/uap_files/AARO_2026_release_01_pdfs/DOW-UAP-D44__Range_Fouler_Reporting_Form__Gulf_of_Aden__October_2020.pdf,DOW-UAP-D44__Range_Fouler_Reporting_Form__Gulf_of_Aden__October_2020.pdf,PDF,ufo_release/Department of War/PDF/DOW-UAP-D44__Range_Fouler_Reporting_Form__Gulf_of_Aden__October_2020.pdf
"DOW-UAP-D48, Department of the Air Force Report, 1996",Department of War,5/8/26,9/10/96,,file:///home/prime/Documents/g3/ufo/uap_files/AARO_2026_release_01_pdfs/DOW-UAP-D48__Department_of_the_Air_Force_Report__1996.pdf,PDF,file:///home/prime/Documents/g3/ufo/uap_files/AARO_2026_release_01_pdfs/DOW-UAP-D48__Department_of_the_Air_Force_Report__1996.pdf,DOW-UAP-D48__Department_of_the_Air_Force_Report__1996.pdf,PDF,ufo_release/Department of War/PDF/DOW-UAP-D48__Department_of_the_Air_Force_Report__1996.pdf
"DOW-UAP-D49, Launch Summary, Vandenberg AFB, 2000",Department of War,5/8/26,2/3/00,,file:///home/prime/Documents/g3/ufo/uap_files/AARO_2026_release_01_pdfs/DOW-UAP-D49__Launch_Summary__Vandenberg_AFB__2000.pdf,PDF,file:///home/prime/Documents/g3/ufo/uap_files/AARO_2026_release_01_pdfs/DOW-UAP-D49__Launch_Summary__Vandenberg_AFB__2000.pdf,DOW-UAP-D49__Launch_Summary__Vandenberg_AFB__2000.pdf,PDF,ufo_release/Department of War/PDF/DOW-UAP-D49__Launch_Summary__Vandenberg_AFB__2000.pdf
"DOW-UAP-D5, Mission Report, Arabian Gulf, 2020",Department of War,5/8/26,,Mediterranean Sea,file:///home/prime/Documents/g3/ufo/uap_files/AARO_2026_release_01_pdfs/DOW-UAP-D5__Mission_Report__Arabian_Gulf__2020.pdf,PDF,file:///home/prime/Documents/g3/ufo/uap_files/AARO_2026_release_01_pdfs/DOW-UAP-D5__Mission_Report__Arabian_Gulf__2020.pdf,DOW-UAP-D5__Mission_Report__Arabian_Gulf__2020.pdf,PDF,ufo_release/Department of War/PDF/DOW-UAP-D5__Mission_Report__Arabian_Gulf__2020.pdf
"DOW-UAP-D50, Email Correspondence, INDOPACOM, April 2025",Department of War,5/8/26,4/10/2025-4/11/2025,,file:///home/prime/Documents/g3/ufo/uap_files/AARO_2026_release_01_pdfs/DOW-UAP-D50__Email_Correspondence__INDOPACOM__April_2025.pdf,PDF,file:///home/prime/Documents/g3/ufo/uap_files/AARO_2026_release_01_pdfs/DOW-UAP-D50__Email_Correspondence__INDOPACOM__April_2025.pdf,DOW-UAP-D50__Email_Correspondence__INDOPACOM__April_2025.pdf,PDF,ufo_release/Department of War/PDF/DOW-UAP-D50__Email_Correspondence__INDOPACOM__April_2025.pdf
"DOW-UAP-D51, Email Correspondence, Pacific Time Zone, March 2023",Department of War,5/8/26,3/23/26,Pacific Time Zone,file:///home/prime/Documents/g3/ufo/uap_files/AARO_2026_release_01_pdfs/DOW-UAP-D51__Email_Correspondence__Pacific_Time_Zone__March_2023.pdf,PDF,file:///home/prime/Documents/g3/ufo/uap_files/AARO_2026_release_01_pdfs/DOW-UAP-D51__Email_Correspondence__Pacific_Time_Zone__March_2023.pdf,DOW-UAP-D51__Email_Correspondence__Pacific_Time_Zone__March_2023.pdf,PDF,ufo_release/Department of War/PDF/DOW-UAP-D51__Email_Correspondence__Pacific_Time_Zone__March_2023.pdf
"DOW-UAP-D52, Email Correspondance, NA, August 2024",Department of War,5/8/26,10/31/24,,file:///home/prime/Documents/g3/ufo/uap_files/AARO_2026_release_01_pdfs/DOW-UAP-D52__Email_Correspondance__NA__August_2024.pdf,PDF,file:///home/prime/Documents/g3/ufo/uap_files/AARO_2026_release_01_pdfs/DOW-UAP-D52__Email_Correspondance__NA__August_2024.pdf,DOW-UAP-D52__Email_Correspondance__NA__August_2024.pdf,PDF,ufo_release/Department of War/PDF/DOW-UAP-D52__Email_Correspondance__NA__August_2024.pdf
"DOW-UAP-D54, Mission Report, Mediterranean Sea, NA",Department of War,5/8/26,,Mediterranean Sea,file:///home/prime/Documents/g3/ufo/uap_files/AARO_2026_release_01_pdfs/DOW-UAP-D54__Mission_Report__Mediterranean_Sea__NA.pdf,PDF,file:///home/prime/Documents/g3/ufo/uap_files/AARO_2026_release_01_pdfs/DOW-UAP-D54__Mission_Report__Mediterranean_Sea__NA.pdf,DOW-UAP-D54__Mission_Report__Mediterranean_Sea__NA.pdf,PDF,ufo_release/Department of War/PDF/DOW-UAP-D54__Mission_Report__Mediterranean_Sea__NA.pdf
"DOW-UAP-D55, Mission Report, Syria, November 2016",Department of War,5/8/26,11/18/16,Syria,file:///home/prime/Documents/g3/ufo/uap_files/AARO_2026_release_01_pdfs/DOW-UAP-D55__Mission_Report__Syria__November_2016.pdf,PDF,file:///home/prime/Documents/g3/ufo/uap_files/AARO_2026_release_01_pdfs/DOW-UAP-D55__Mission_Report__Syria__November_2016.pdf,DOW-UAP-D55__Mission_Report__Syria__November_2016.pdf,PDF,ufo_release/Department of War/PDF/DOW-UAP-D55__Mission_Report__Syria__November_2016.pdf
"DOW-UAP-D56, Range Fouler Debrief, Arabian Sea, August 2020",Department of War,5/8/26,8/24/20,Arabian Sea,file:///home/prime/Documents/g3/ufo/uap_files/AARO_2026_release_01_pdfs/DOW-UAP-D56__Range_Fouler_Debrief__Arabian_Sea__August_2020.pdf,PDF,file:///home/prime/Documents/g3/ufo/uap_files/AARO_2026_release_01_pdfs/DOW-UAP-D56__Range_Fouler_Debrief__Arabian_Sea__August_2020.pdf,DOW-UAP-D56__Range_Fouler_Debrief__Arabian_Sea__August_2020.pdf,PDF,ufo_release/Department of War/PDF/DOW-UAP-D56__Range_Fouler_Debrief__Arabian_Sea__August_2020.pdf
"DOW-UAP-D57, Range Fouler Reporting Form, Gulf of Aden, September 2020",Department of War,5/8/26,9/4/20,Gulf of Aden,file:///home/prime/Documents/g3/ufo/uap_files/AARO_2026_release_01_pdfs/DOW-UAP-D57__Range_Fouler_Reporting_Form__Gulf_of_Aden__September_2020.pdf,PDF,file:///home/prime/Documents/g3/ufo/uap_files/AARO_2026_release_01_pdfs/DOW-UAP-D57__Range_Fouler_Reporting_Form__Gulf_of_Aden__September_2020.pdf,DOW-UAP-D57__Range_Fouler_Reporting_Form__Gulf_of_Aden__September_2020.pdf,PDF,ufo_release/Department of War/PDF/DOW-UAP-D57__Range_Fouler_Reporting_Form__Gulf_of_Aden__September_2020.pdf
"DOW-UAP-D58, Range Fouler Debrief, NA, October 2020",Department of War,5/8/26,10/27/20,,file:///home/prime/Documents/g3/ufo/uap_files/AARO_2026_release_01_pdfs/DOW-UAP-D58__Range_Fouler_Debrief__NA__October_2020.pdf,PDF,file:///home/prime/Documents/g3/ufo/uap_files/AARO_2026_release_01_pdfs/DOW-UAP-D58__Range_Fouler_Debrief__NA__October_2020.pdf,DOW-UAP-D58__Range_Fouler_Debrief__NA__October_2020.pdf,PDF,ufo_release/Department of War/PDF/DOW-UAP-D58__Range_Fouler_Debrief__NA__October_2020.pdf
"DOW-UAP-D6, Mission Report, Arabian Gulf, 2020",Department of War,5/8/26,,Pacific Ocean,file:///home/prime/Documents/g3/ufo/uap_files/AARO_2026_release_01_pdfs/DOW-UAP-D6__Mission_Report__Arabian_Gulf__2020.pdf,PDF,file:///home/prime/Documents/g3/ufo/uap_files/AARO_2026_release_01_pdfs/DOW-UAP-D6__Mission_Report__Arabian_Gulf__2020.pdf,DOW-UAP-D6__Mission_Report__Arabian_Gulf__2020.pdf,PDF,ufo_release/Department of War/PDF/DOW-UAP-D6__Mission_Report__Arabian_Gulf__2020.pdf
"DOW-UAP-D60, Mission Report, Persian Gulf, August 2020",Department of War,5/8/26,8/8/20,Persian Gulf,file:///home/prime/Documents/g3/ufo/uap_files/AARO_2026_release_01_pdfs/DOW-UAP-D60__Mission_Report__Persian_Gulf__August_2020.pdf,PDF,file:///home/prime/Documents/g3/ufo/uap_files/AARO_2026_release_01_pdfs/DOW-UAP-D60__Mission_Report__Persian_Gulf__August_2020.pdf,DOW-UAP-D60__Mission_Report__Persian_Gulf__August_2020.pdf,PDF,ufo_release/Department of War/PDF/DOW-UAP-D60__Mission_Report__Persian_Gulf__August_2020.pdf
"DOW-UAP-D61, Mission Report, Persian Gulf, August 2020",Department of War,5/8/26,8/27/20,Persian Gulf,file:///home/prime/Documents/g3/ufo/uap_files/AARO_2026_release_01_pdfs/DOW-UAP-D61__Mission_Report__Persian_Gulf__August_2020.pdf,PDF,file:///home/prime/Documents/g3/ufo/uap_files/AARO_2026_release_01_pdfs/DOW-UAP-D61__Mission_Report__Persian_Gulf__August_2020.pdf,DOW-UAP-D61__Mission_Report__Persian_Gulf__August_2020.pdf,PDF,ufo_release/Department of War/PDF/DOW-UAP-D61__Mission_Report__Persian_Gulf__August_2020.pdf
"DOW-UAP-D62, Mission Report, Strait of Hormuz, September 2020",Department of War,5/8/26,9/16/20,Strait of Hormuz,file:///home/prime/Documents/g3/ufo/uap_files/AARO_2026_release_01_pdfs/DOW-UAP-D62__Mission_Report__Strait_of_Hormuz__September_2020.pdf,PDF,file:///home/prime/Documents/g3/ufo/uap_files/AARO_2026_release_01_pdfs/DOW-UAP-D62__Mission_Report__Strait_of_Hormuz__September_2020.pdf,DOW-UAP-D62__Mission_Report__Strait_of_Hormuz__September_2020.pdf,PDF,ufo_release/Department of War/PDF/DOW-UAP-D62__Mission_Report__Strait_of_Hormuz__September_2020.pdf
"DOW-UAP-D63, Mission Report, Strait of Hormuz, October 2020",Department of War,5/8/26,10/1/20,Strait of Hormuz,file:///home/prime/Documents/g3/ufo/uap_files/AARO_2026_release_01_pdfs/DOW-UAP-D63__Mission_Report__Strait_of_Hormuz__October_2020.pdf,PDF,file:///home/prime/Documents/g3/ufo/uap_files/AARO_2026_release_01_pdfs/DOW-UAP-D63__Mission_Report__Strait_of_Hormuz__October_2020.pdf,DOW-UAP-D63__Mission_Report__Strait_of_Hormuz__October_2020.pdf,PDF,ufo_release/Department of War/PDF/DOW-UAP-D63__Mission_Report__Strait_of_Hormuz__October_2020.pdf
"DOW-UAP-D64, Mission Report, Iran, November 2020",Department of War,5/8/26,11/2/20,Iran,file:///home/prime/Documents/g3/ufo/uap_files/AARO_2026_release_01_pdfs/DOW-UAP-D64__Mission_Report__Iran__November_2020.pdf,PDF,file:///home/prime/Documents/g3/ufo/uap_files/AARO_2026_release_01_pdfs/DOW-UAP-D64__Mission_Report__Iran__November_2020.pdf,DOW-UAP-D64__Mission_Report__Iran__November_2020.pdf,PDF,ufo_release/Department of War/PDF/DOW-UAP-D64__Mission_Report__Iran__November_2020.pdf
"DOW-UAP-D65, Mission Report, Persian Gulf, July 2020",Department of War,5/8/26,7/16/20,Persian Gulf,file:///home/prime/Documents/g3/ufo/uap_files/AARO_2026_release_01_pdfs/DOW-UAP-D65__Mission_Report__Persian_Gulf__July_2020.pdf,PDF,file:///home/prime/Documents/g3/ufo/uap_files/AARO_2026_release_01_pdfs/DOW-UAP-D65__Mission_Report__Persian_Gulf__July_2020.pdf,DOW-UAP-D65__Mission_Report__Persian_Gulf__July_2020.pdf,PDF,ufo_release/Department of War/PDF/DOW-UAP-D65__Mission_Report__Persian_Gulf__July_2020.pdf
"DOW-UAP-D7, Mission Report, Arabian Gulf, 2020",Department of War,5/8/26,,,file:///home/prime/Documents/g3/ufo/uap_files/AARO_2026_release_01_pdfs/DOW-UAP-D7__Mission_Report__Arabian_Gulf__2020.pdf,PDF,file:///home/prime/Documents/g3/ufo/uap_files/AARO_2026_release_01_pdfs/DOW-UAP-D7__Mission_Report__Arabian_Gulf__2020.pdf,DOW-UAP-D7__Mission_Report__Arabian_Gulf__2020.pdf,PDF,ufo_release/Department of War/PDF/DOW-UAP-D7__Mission_Report__Arabian_Gulf__2020.pdf
"DOW-UAP-D74, Mission Report, Syria, November 2023",Department of War,5/8/26,11/9/23,Syria,file:///home/prime/Documents/g3/ufo/uap_files/AARO_2026_release_01_pdfs/DOW-UAP-D74__Mission_Report__Syria__November_2023.pdf,PDF,file:///home/prime/Documents/g3/ufo/uap_files/AARO_2026_release_01_pdfs/DOW-UAP-D74__Mission_Report__Syria__November_2023.pdf,DOW-UAP-D74__Mission_Report__Syria__November_2023.pdf,PDF,ufo_release/Department of War/PDF/DOW-UAP-D74__Mission_Report__Syria__November_2023.pdf
"DOW-UAP-D75, Mission Report, Gulf of Aden, July 2024",Department of War,5/8/26,7/14/24,Gulf of Aden,file:///home/prime/Documents/g3/ufo/uap_files/AARO_2026_release_01_pdfs/DOW-UAP-D75__Mission_Report__Gulf_of_Aden__July_2024.pdf,PDF,file:///home/prime/Documents/g3/ufo/uap_files/AARO_2026_release_01_pdfs/DOW-UAP-D75__Mission_Report__Gulf_of_Aden__July_2024.pdf,DOW-UAP-D75__Mission_Report__Gulf_of_Aden__July_2024.pdf,PDF,ufo_release/Department of War/PDF/DOW-UAP-D75__Mission_Report__Gulf_of_Aden__July_2024.pdf
"DOW-UAP-D8, Mission Report, Djibouti, 2025",Department of War,5/8/26,,Mediterranean Sea,file:///home/prime/Documents/g3/ufo/uap_files/AARO_2026_release_01_pdfs/DOW-UAP-D8__Mission_Report__Djibouti__2025.pdf,PDF,file:///home/prime/Documents/g3/ufo/uap_files/AARO_2026_release_01_pdfs/DOW-UAP-D8__Mission_Report__Djibouti__2025.pdf,DOW-UAP-D8__Mission_Report__Djibouti__2025.pdf,PDF,ufo_release/Department of War/PDF/DOW-UAP-D8__Mission_Report__Djibouti__2025.pdf
"DOW-UAP-PR19, Unresolved UAP Report, Middle East, May 2022",Department of War,5/8/26,,Middle East,file:///home/prime/Documents/g3/ufo/uap_files/AARO_2026_release_01_pdfs/DOW-UAP-PR19__Unresolved_UAP_Report__Middle_East__May_2022.pdf,VID,file:///home/prime/Documents/g3/ufo/uap_files/AARO_2026_release_01_pdfs/DOW-UAP-PR19__Unresolved_UAP_Report__Middle_East__May_2022.pdf,DOW-UAP-PR19__Unresolved_UAP_Report__Middle_East__May_2022.pdf,PDF,ufo_release/Department of War/PDF/DOW-UAP-PR19__Unresolved_UAP_Report__Middle_East__May_2022.pdf
"DOW-UAP-PR20, Unresolved UAP Report, Kuwait, May 2022",Department of War,5/8/26,,Iraq,file:///home/prime/Documents/g3/ufo/uap_files/AARO_2026_release_01_pdfs/DOW-UAP-PR20__Unresolved_UAP_Report__Kuwait__May_2022.pdf,PDF,file:///home/prime/Documents/g3/ufo/uap_files/AARO_2026_release_01_pdfs/DOW-UAP-PR20__Unresolved_UAP_Report__Kuwait__May_2022.pdf,DOW-UAP-PR20__Unresolved_UAP_Report__Kuwait__May_2022.pdf,PDF,ufo_release/Department of War/PDF/DOW-UAP-PR20__Unresolved_UAP_Report__Kuwait__May_2022.pdf
"DOW-UAP-PR21, Unresolved UAP Report, Iraq, May 2022",Department of War,5/8/26,,Iraq,file:///home/prime/Documents/g3/ufo/uap_files/AARO_2026_release_01_pdfs/DOW-UAP-PR21__Unresolved_UAP_Report__Iraq__May_2022.pdf,VID,file:///home/prime/Documents/g3/ufo/uap_files/AARO_2026_release_01_pdfs/DOW-UAP-PR21__Unresolved_UAP_Report__Iraq__May_2022.pdf,DOW-UAP-PR21__Unresolved_UAP_Report__Iraq__May_2022.pdf,PDF,ufo_release/Department of War/PDF/DOW-UAP-PR21__Unresolved_UAP_Report__Iraq__May_2022.pdf
"DOW-UAP-PR22, Unresolved UAP Report, Syria, July 2022",Department of War,5/8/26,,Syria,file:///home/prime/Documents/g3/ufo/uap_files/AARO_2026_release_01_pdfs/DOW-UAP-PR22__Unresolved_UAP_Report__Syria__July_2022.pdf,VID,file:///home/prime/Documents/g3/ufo/uap_files/AARO_2026_release_01_pdfs/DOW-UAP-PR22__Unresolved_UAP_Report__Syria__July_2022.pdf,DOW-UAP-PR22__Unresolved_UAP_Report__Syria__July_2022.pdf,PDF,ufo_release/Department of War/PDF/DOW-UAP-PR22__Unresolved_UAP_Report__Syria__July_2022.pdf
"DOW-UAP-PR23, Unresolved UAP Report, Iraq, December 2022",Department of War,5/8/26,,Iraq,file:///home/prime/Documents/g3/ufo/uap_files/AARO_2026_release_01_pdfs/DOW-UAP-PR23__Unresolved_UAP_Report__Iraq__December_2022.pdf,VID,file:///home/prime/Documents/g3/ufo/uap_files/AARO_2026_release_01_pdfs/DOW-UAP-PR23__Unresolved_UAP_Report__Iraq__December_2022.pdf,DOW-UAP-PR23__Unresolved_UAP_Report__Iraq__December_2022.pdf,PDF,ufo_release/Department of War/PDF/DOW-UAP-PR23__Unresolved_UAP_Report__Iraq__December_2022.pdf
"DOW-UAP-PR26, Unresolved UAP Report, United Arab Emirates, October 2023",Department of War,5/8/26,,United Arab Emirates,file:///home/prime/Documents/g3/ufo/uap_files/AARO_2026_release_01_pdfs/DOW-UAP-PR26__Unresolved_UAP_Report__United_Arab_Emirates__October_2023.pdf,VID,file:///home/prime/Documents/g3/ufo/uap_files/AARO_2026_release_01_pdfs/DOW-UAP-PR26__Unresolved_UAP_Report__United_Arab_Emirates__October_2023.pdf,DOW-UAP-PR26__Unresolved_UAP_Report__United_Arab_Emirates__October_2023.pdf,PDF,ufo_release/Department of War/PDF/DOW-UAP-PR26__Unresolved_UAP_Report__United_Arab_Emirates__October_2023.pdf
"DOW-UAP-PR27, Unresolved UAP Report, United Arab Emirates, October 2023",Department of War,5/8/26,,United Arab Emirates,file:///home/prime/Documents/g3/ufo/uap_files/AARO_2026_release_01_pdfs/DOW-UAP-PR27__Unresolved_UAP_Report__United_Arab_Emirates__October_2023.pdf,VID,file:///home/prime/Documents/g3/ufo/uap_files/AARO_2026_release_01_pdfs/DOW-UAP-PR27__Unresolved_UAP_Report__United_Arab_Emirates__October_2023.pdf,DOW-UAP-PR27__Unresolved_UAP_Report__United_Arab_Emirates__October_2023.pdf,PDF,ufo_release/Department of War/PDF/DOW-UAP-PR27__Unresolved_UAP_Report__United_Arab_Emirates__October_2023.pdf
"DOW-UAP-PR28, Unresolved UAP Report, Greece, January 2024",Department of War,5/8/26,,Greece,file:///home/prime/Documents/g3/ufo/uap_files/AARO_2026_release_01_videos/DOW-UAP-PR28__Unresolved_UAP_Report__Greece__January_2024.mp4,VID,file:///home/prime/Documents/g3/ufo/uap_files/AARO_2026_release_01_videos/DOW-UAP-PR28__Unresolved_UAP_Report__Greece__January_2024.mp4,DOW-UAP-PR28__Unresolved_UAP_Report__Greece__January_2024.mp4,VID,ufo_release/Department of War/VID/DOW-UAP-PR28__Unresolved_UAP_Report__Greece__January_2024.mp4
"DOW-UAP-PR29, Unresolved UAP Report, United Arab Emirates, June 2024",Department of War,5/8/26,,Gulf of Oman,file:///home/prime/Documents/g3/ufo/uap_files/AARO_2026_release_01_videos/DOW-UAP-PR29__Unresolved_UAP_Report__United_Arab_Emirates__June_2024.mp4,VID,file:///home/prime/Documents/g3/ufo/uap_files/AARO_2026_release_01_videos/DOW-UAP-PR29__Unresolved_UAP_Report__United_Arab_Emirates__June_2024.mp4,DOW-UAP-PR29__Unresolved_UAP_Report__United_Arab_Emirates__June_2024.mp4,VID,ufo_release/Department of War/VID/DOW-UAP-PR29__Unresolved_UAP_Report__United_Arab_Emirates__June_2024.mp4
"DOW-UAP-PR31, Unresolved UAP Report, Syria, October 2024",Department of War,5/8/26,,Syria,file:///home/prime/Documents/g3/ufo/uap_files/AARO_2026_release_01_pdfs/DOW-UAP-PR31__Unresolved_UAP_Report__Syria__October_2024.pdf,VID,file:///home/prime/Documents/g3/ufo/uap_files/AARO_2026_release_01_pdfs/DOW-UAP-PR31__Unresolved_UAP_Report__Syria__October_2024.pdf,DOW-UAP-PR31__Unresolved_UAP_Report__Syria__October_2024.pdf,PDF,ufo_release/Department of War/PDF/DOW-UAP-PR31__Unresolved_UAP_Report__Syria__October_2024.pdf
"DOW-UAP-PR32, Unresolved UAP Report, Syria, October 2024",Department of War,5/8/26,,Syria,file:///home/prime/Documents/g3/ufo/uap_files/AARO_2026_release_01_pdfs/DOW-UAP-PR32__Unresolved_UAP_Report__Syria__October_2024.pdf,VID,file:///home/prime/Documents/g3/ufo/uap_files/AARO_2026_release_01_pdfs/DOW-UAP-PR32__Unresolved_UAP_Report__Syria__October_2024.pdf,DOW-UAP-PR32__Unresolved_UAP_Report__Syria__October_2024.pdf,PDF,ufo_release/Department of War/PDF/DOW-UAP-PR32__Unresolved_UAP_Report__Syria__October_2024.pdf
"DOW-UAP-PR33, Unresolved UAP Report, Syria, October 2024",Department of War,5/8/26,,Syria,file:///home/prime/Documents/g3/ufo/uap_files/AARO_2026_release_01_pdfs/DOW-UAP-PR33__Unresolved_UAP_Report__Syria__October_2024.pdf,VID,file:///home/prime/Documents/g3/ufo/uap_files/AARO_2026_release_01_pdfs/DOW-UAP-PR33__Unresolved_UAP_Report__Syria__October_2024.pdf,DOW-UAP-PR33__Unresolved_UAP_Report__Syria__October_2024.pdf,PDF,ufo_release/Department of War/PDF/DOW-UAP-PR33__Unresolved_UAP_Report__Syria__October_2024.pdf
"DOW-UAP-PR34, Unresolved UAP Report, Greece, October 2023",Department of War,5/8/26,,Greece,file:///home/prime/Documents/g3/ufo/uap_files/AARO_2026_release_01_pdfs/DOW-UAP-PR34__Unresolved_UAP_Report__Greece__October_2023.pdf,VID,file:///home/prime/Documents/g3/ufo/uap_files/AARO_2026_release_01_pdfs/DOW-UAP-PR34__Unresolved_UAP_Report__Greece__October_2023.pdf,DOW-UAP-PR34__Unresolved_UAP_Report__Greece__October_2023.pdf,PDF,ufo_release/Department of War/PDF/DOW-UAP-PR34__Unresolved_UAP_Report__Greece__October_2023.pdf
"DOW-UAP-PR35, Unresolved UAP Report, Greece, October 2023",Department of War,5/8/26,,Greece,file:///home/prime/Documents/g3/ufo/uap_files/AARO_2026_release_01_pdfs/DOW-UAP-PR35__Unresolved_UAP_Report__Greece__October_2023.pdf,VID,file:///home/prime/Documents/g3/ufo/uap_files/AARO_2026_release_01_pdfs/DOW-UAP-PR35__Unresolved_UAP_Report__Greece__October_2023.pdf,DOW-UAP-PR35__Unresolved_UAP_Report__Greece__October_2023.pdf,PDF,ufo_release/Department of War/PDF/DOW-UAP-PR35__Unresolved_UAP_Report__Greece__October_2023.pdf
"DOW-UAP-PR36, Unresolved UAP Report, Middle East, May 2020",Department of War,5/8/26,,Middle East,file:///home/prime/Documents/g3/ufo/uap_files/AARO_2026_release_01_pdfs/DOW-UAP-PR36__Unresolved_UAP_Report__Middle_East__May_2020.pdf,VID,file:///home/prime/Documents/g3/ufo/uap_files/AARO_2026_release_01_pdfs/DOW-UAP-PR36__Unresolved_UAP_Report__Middle_East__May_2020.pdf,DOW-UAP-PR36__Unresolved_UAP_Report__Middle_East__May_2020.pdf,PDF,ufo_release/Department of War/PDF/DOW-UAP-PR36__Unresolved_UAP_Report__Middle_East__May_2020.pdf
"DOW-UAP-PR37, Unresolved UAP Report, Middle East, 2020",Department of War,5/8/26,,Arabian Gulf,file:///home/prime/Documents/g3/ufo/uap_files/AARO_2026_release_01_videos/DOW-UAP-PR37__Unresolved_UAP_Report__Middle_East__2020.mp4,VID,file:///home/prime/Documents/g3/ufo/uap_files/AARO_2026_release_01_videos/DOW-UAP-PR37__Unresolved_UAP_Report__Middle_East__2020.mp4,DOW-UAP-PR37__Unresolved_UAP_Report__Middle_East__2020.mp4,VID,ufo_release/Department of War/VID/DOW-UAP-PR37__Unresolved_UAP_Report__Middle_East__2020.mp4
"DOW-UAP-PR38, Unresolved UAP Report, Middle East, 2013",Department of War,5/8/26,,Middle East,file:///home/prime/Documents/g3/ufo/uap_files/AARO_2026_release_01_videos/DOW-UAP-PR38__Unresolved_UAP_Report__Middle_East__2013.mp4,VID,file:///home/prime/Documents/g3/ufo/uap_files/AARO_2026_release_01_videos/DOW-UAP-PR38__Unresolved_UAP_Report__Middle_East__2013.mp4,DOW-UAP-PR38__Unresolved_UAP_Report__Middle_East__2013.mp4,VID,ufo_release/Department of War/VID/DOW-UAP-PR38__Unresolved_UAP_Report__Middle_East__2013.mp4
"DOW-UAP-PR39, Unresolved UAP Report, Middle East, 2020",Department of War,5/8/26,,Arabian Gulf,file:///home/prime/Documents/g3/ufo/uap_files/AARO_2026_release_01_videos/DOW-UAP-PR39__Unresolved_UAP_Report__Middle_East__2020.mp4,VID,file:///home/prime/Documents/g3/ufo/uap_files/AARO_2026_release_01_videos/DOW-UAP-PR39__Unresolved_UAP_Report__Middle_East__2020.mp4,DOW-UAP-PR39__Unresolved_UAP_Report__Middle_East__2020.mp4,VID,ufo_release/Department of War/VID/DOW-UAP-PR39__Unresolved_UAP_Report__Middle_East__2020.mp4
"DOW-UAP-PR40, Unresolved UAP Report, Middle East, 2020",Department of War,5/8/26,,Arabian Gulf,file:///home/prime/Documents/g3/ufo/uap_files/AARO_2026_release_01_videos/DOW-UAP-PR40__Unresolved_UAP_Report__Middle_East__2020.mp4,VID,file:///home/prime/Documents/g3/ufo/uap_files/AARO_2026_release_01_videos/DOW-UAP-PR40__Unresolved_UAP_Report__Middle_East__2020.mp4,DOW-UAP-PR40__Unresolved_UAP_Report__Middle_East__2020.mp4,VID,ufo_release/Department of War/VID/DOW-UAP-PR40__Unresolved_UAP_Report__Middle_East__2020.mp4
"DOW-UAP-PR41, Unresolved UAP Report, Middle East, 2020",Department of War,5/8/26,,Arabian Gulf,file:///home/prime/Documents/g3/ufo/uap_files/AARO_2026_release_01_videos/DOW-UAP-PR41__Unresolved_UAP_Report__Middle_East__2020.mp4,VID,file:///home/prime/Documents/g3/ufo/uap_files/AARO_2026_release_01_videos/DOW-UAP-PR41__Unresolved_UAP_Report__Middle_East__2020.mp4,DOW-UAP-PR41__Unresolved_UAP_Report__Middle_East__2020.mp4,VID,ufo_release/Department of War/VID/DOW-UAP-PR41__Unresolved_UAP_Report__Middle_East__2020.mp4
"DOW-UAP-PR42, Unresolved UAP Report, Middle East, 2020",Department of War,5/8/26,,Arabian Gulf,file:///home/prime/Documents/g3/ufo/uap_files/AARO_2026_release_01_videos/DOW-UAP-PR42__Unresolved_UAP_Report__Middle_East__2020.mp4,VID,file:///home/prime/Documents/g3/ufo/uap_files/AARO_2026_release_01_videos/DOW-UAP-PR42__Unresolved_UAP_Report__Middle_East__2020.mp4,DOW-UAP-PR42__Unresolved_UAP_Report__Middle_East__2020.mp4,VID,ufo_release/Department of War/VID/DOW-UAP-PR42__Unresolved_UAP_Report__Middle_East__2020.mp4
"DOW-UAP-PR43, Unresolved UAP Report, Africa, 2025",Department of War,5/8/26,,Djibouti,file:///home/prime/Documents/g3/ufo/uap_files/AARO_2026_release_01_videos/DOW-UAP-PR43__Unresolved_UAP_Report__Africa__2025.mp4,VID,file:///home/prime/Documents/g3/ufo/uap_files/AARO_2026_release_01_videos/DOW-UAP-PR43__Unresolved_UAP_Report__Africa__2025.mp4,DOW-UAP-PR43__Unresolved_UAP_Report__Africa__2025.mp4,VID,ufo_release/Department of War/VID/DOW-UAP-PR43__Unresolved_UAP_Report__Africa__2025.mp4
"DOW-UAP-PR44, Unresolved UAP Report, Middle East, 2020",Department of War,5/8/26,,Arabian Gulf,file:///home/prime/Documents/g3/ufo/uap_files/AARO_2026_release_01_videos/DOW-UAP-PR44__Unresolved_UAP_Report__Middle_East__2020.mp4,VID,file:///home/prime/Documents/g3/ufo/uap_files/AARO_2026_release_01_videos/DOW-UAP-PR44__Unresolved_UAP_Report__Middle_East__2020.mp4,DOW-UAP-PR44__Unresolved_UAP_Report__Middle_East__2020.mp4,VID,ufo_release/Department of War/VID/DOW-UAP-PR44__Unresolved_UAP_Report__Middle_East__2020.mp4
"DOW-UAP-PR45, Unresolved UAP Report, Middle East, 2020",Department of War,5/8/26,,Southern United States,file:///home/prime/Documents/g3/ufo/uap_files/AARO_2026_release_01_videos/DOW-UAP-PR45__Unresolved_UAP_Report__Middle_East__2020.mp4,VID,file:///home/prime/Documents/g3/ufo/uap_files/AARO_2026_release_01_videos/DOW-UAP-PR45__Unresolved_UAP_Report__Middle_East__2020.mp4,DOW-UAP-PR45__Unresolved_UAP_Report__Middle_East__2020.mp4,VID,ufo_release/Department of War/VID/DOW-UAP-PR45__Unresolved_UAP_Report__Middle_East__2020.mp4
"DOW-UAP-PR46, Unresolved UAP Report, INDOPACOM, 2024",Department of War,5/8/26,,East China Sea,file:///home/prime/Documents/g3/ufo/uap_files/AARO_2026_release_01_videos/DOW-UAP-PR46__Unresolved_UAP_Report__INDOPACOM__2024.mp4,VID,file:///home/prime/Documents/g3/ufo/uap_files/AARO_2026_release_01_videos/DOW-UAP-PR46__Unresolved_UAP_Report__INDOPACOM__2024.mp4,DOW-UAP-PR46__Unresolved_UAP_Report__INDOPACOM__2024.mp4,VID,ufo_release/Department of War/VID/DOW-UAP-PR46__Unresolved_UAP_Report__INDOPACOM__2024.mp4
"DOW-UAP-PR47, Unresolved UAP Report, INDOPACOM, 2023",Department of War,5/8/26,,Japan,file:///home/prime/Documents/g3/ufo/uap_files/AARO_2026_release_01_videos/DOW-UAP-PR47__Unresolved_UAP_Report__INDOPACOM__2023.mp4,VID,file:///home/prime/Documents/g3/ufo/uap_files/AARO_2026_release_01_videos/DOW-UAP-PR47__Unresolved_UAP_Report__INDOPACOM__2023.mp4,DOW-UAP-PR47__Unresolved_UAP_Report__INDOPACOM__2023.mp4,VID,ufo_release/Department of War/VID/DOW-UAP-PR47__Unresolved_UAP_Report__INDOPACOM__2023.mp4
"DOW-UAP-PR48, Unresolved UAP Report, INDOPACOM, 2024",Department of War,5/8/26,,Indo-PACOM,file:///home/prime/Documents/g3/ufo/uap_files/AARO_2026_release_01_videos/DOW-UAP-PR48__Unresolved_UAP_Report__INDOPACOM__2024.mp4,VID,file:///home/prime/Documents/g3/ufo/uap_files/AARO_2026_release_01_videos/DOW-UAP-PR48__Unresolved_UAP_Report__INDOPACOM__2024.mp4,DOW-UAP-PR48__Unresolved_UAP_Report__INDOPACOM__2024.mp4,VID,ufo_release/Department of War/VID/DOW-UAP-PR48__Unresolved_UAP_Report__INDOPACOM__2024.mp4
"DOW-UAP-PR49, Unresolved UAP Report, Department of the Army, 2026",Department of War,5/8/26,,North America,file:///home/prime/Documents/g3/ufo/uap_files/AARO_2026_release_01_videos/DOW-UAP-PR49__Unresolved_UAP_Report__Department_of_the_Army__2026.mp4,VID,file:///home/prime/Documents/g3/ufo/uap_files/AARO_2026_release_01_videos/DOW-UAP-PR49__Unresolved_UAP_Report__Department_of_the_Army__2026.mp4,DOW-UAP-PR49__Unresolved_UAP_Report__Department_of_the_Army__2026.mp4,VID,ufo_release/Department of War/VID/DOW-UAP-PR49__Unresolved_UAP_Report__Department_of_the_Army__2026.mp4
FBI Photo A1,FBI,5/8/26,Late 2025,,file:///home/prime/Documents/g3/ufo/uap_files/AARO_2026_release_01_images/FBI_Photo_A1.png,IMG,file:///home/prime/Documents/g3/ufo/uap_files/AARO_2026_release_01_images/FBI_Photo_A1.png,FBI_Photo_A1.png,IMG,ufo_release/FBI/IMG/FBI_Photo_A1.png
FBI Photo A2,FBI,5/8/26,Late 2025,,file:///home/prime/Documents/g3/ufo/uap_files/AARO_2026_release_01_images/FBI_Photo_A2.png,IMG,file:///home/prime/Documents/g3/ufo/uap_files/AARO_2026_release_01_images/FBI_Photo_A2.png,FBI_Photo_A2.png,IMG,ufo_release/FBI/IMG/FBI_Photo_A2.png
FBI Photo A3,FBI,5/8/26,Late 2025,,file:///home/prime/Documents/g3/ufo/uap_files/AARO_2026_release_01_images/FBI_Photo_A3.png,IMG,file:///home/prime/Documents/g3/ufo/uap_files/AARO_2026_release_01_images/FBI_Photo_A3.png,FBI_Photo_A3.png,IMG,ufo_release/FBI/IMG/FBI_Photo_A3.png
FBI Photo A4,FBI,5/8/26,Late 2025,,file:///home/prime/Documents/g3/ufo/uap_files/AARO_2026_release_01_images/FBI_Photo_A4.png,IMG,file:///home/prime/Documents/g3/ufo/uap_files/AARO_2026_release_01_images/FBI_Photo_A4.png,FBI_Photo_A4.png,IMG,ufo_release/FBI/IMG/FBI_Photo_A4.png
FBI Photo A5,FBI,5/8/26,Late 2025,,file:///home/prime/Documents/g3/ufo/uap_files/AARO_2026_release_01_images/FBI_Photo_A5.png,IMG,file:///home/prime/Documents/g3/ufo/uap_files/AARO_2026_release_01_images/FBI_Photo_A5.png,FBI_Photo_A5.png,IMG,ufo_release/FBI/IMG/FBI_Photo_A5.png
FBI Photo A6,FBI,5/8/26,Late 2025,,file:///home/prime/Documents/g3/ufo/uap_files/AARO_2026_release_01_images/FBI_Photo_A6.png,IMG,file:///home/prime/Documents/g3/ufo/uap_files/AARO_2026_release_01_images/FBI_Photo_A6.png,FBI_Photo_A6.png,IMG,ufo_release/FBI/IMG/FBI_Photo_A6.png
FBI Photo A7,FBI,5/8/26,Late 2025,,file:///home/prime/Documents/g3/ufo/uap_files/AARO_2026_release_01_images/FBI_Photo_A7.png,IMG,file:///home/prime/Documents/g3/ufo/uap_files/AARO_2026_release_01_images/FBI_Photo_A7.png,FBI_Photo_A7.png,IMG,ufo_release/FBI/IMG/FBI_Photo_A7.png
FBI Photo A8,FBI,5/8/26,Late 2025,,file:///home/prime/Documents/g3/ufo/uap_files/AARO_2026_release_01_images/FBI_Photo_A8.png,IMG,file:///home/prime/Documents/g3/ufo/uap_files/AARO_2026_release_01_images/FBI_Photo_A8.png,FBI_Photo_A8.png,IMG,ufo_release/FBI/IMG/FBI_Photo_A8.png
FBI Photo B1,FBI,5/8/26,Late 2025,Western United States,file:///home/prime/Documents/g3/ufo/uap_files/AARO_2026_release_01_pdfs/FBI_Photo_B1.pdf,PDF,file:///home/prime/Documents/g3/ufo/uap_files/AARO_2026_release_01_pdfs/FBI_Photo_B1.pdf,FBI_Photo_B1.pdf,PDF,ufo_release/FBI/PDF/FBI_Photo_B1.pdf
FBI Photo B10,FBI,5/8/26,Late 2025,Western United States,file:///home/prime/Documents/g3/ufo/uap_files/AARO_2026_release_01_pdfs/FBI_Photo_B10.pdf,PDF,file:///home/prime/Documents/g3/ufo/uap_files/AARO_2026_release_01_pdfs/FBI_Photo_B10.pdf,FBI_Photo_B10.pdf,PDF,ufo_release/FBI/PDF/FBI_Photo_B10.pdf
FBI Photo B11,FBI,5/8/26,Late 2025,Western United States,file:///home/prime/Documents/g3/ufo/uap_files/AARO_2026_release_01_pdfs/FBI_Photo_B11.pdf,PDF,file:///home/prime/Documents/g3/ufo/uap_files/AARO_2026_release_01_pdfs/FBI_Photo_B11.pdf,FBI_Photo_B11.pdf,PDF,ufo_release/FBI/PDF/FBI_Photo_B11.pdf
FBI Photo B12,FBI,5/8/26,Late 2025,Western United States,file:///home/prime/Documents/g3/ufo/uap_files/AARO_2026_release_01_pdfs/FBI_Photo_B12.pdf,PDF,file:///home/prime/Documents/g3/ufo/uap_files/AARO_2026_release_01_pdfs/FBI_Photo_B12.pdf,FBI_Photo_B12.pdf,PDF,ufo_release/FBI/PDF/FBI_Photo_B12.pdf
FBI Photo B13,FBI,5/8/26,Late 2025,Western United States,file:///home/prime/Documents/g3/ufo/uap_files/AARO_2026_release_01_pdfs/FBI_Photo_B13.pdf,PDF,file:///home/prime/Documents/g3/ufo/uap_files/AARO_2026_release_01_pdfs/FBI_Photo_B13.pdf,FBI_Photo_B13.pdf,PDF,ufo_release/FBI/PDF/FBI_Photo_B13.pdf
FBI Photo B14,FBI,5/8/26,Late 2025,Western United States,file:///home/prime/Documents/g3/ufo/uap_files/AARO_2026_release_01_pdfs/FBI_Photo_B14.pdf,PDF,file:///home/prime/Documents/g3/ufo/uap_files/AARO_2026_release_01_pdfs/FBI_Photo_B14.pdf,FBI_Photo_B14.pdf,PDF,ufo_release/FBI/PDF/FBI_Photo_B14.pdf
FBI Photo B15,FBI,5/8/26,Late 2025,Western United States,file:///home/prime/Documents/g3/ufo/uap_files/AARO_2026_release_01_pdfs/FBI_Photo_B15.pdf,PDF,file:///home/prime/Documents/g3/ufo/uap_files/AARO_2026_release_01_pdfs/FBI_Photo_B15.pdf,FBI_Photo_B15.pdf,PDF,ufo_release/FBI/PDF/FBI_Photo_B15.pdf
FBI Photo B16,FBI,5/8/26,Late 2025,Western United States,file:///home/prime/Documents/g3/ufo/uap_files/AARO_2026_release_01_pdfs/FBI_Photo_B16.pdf,PDF,file:///home/prime/Documents/g3/ufo/uap_files/AARO_2026_release_01_pdfs/FBI_Photo_B16.pdf,FBI_Photo_B16.pdf,PDF,ufo_release/FBI/PDF/FBI_Photo_B16.pdf
FBI Photo B17,FBI,5/8/26,Late 2025,Western United States,file:///home/prime/Documents/g3/ufo/uap_files/AARO_2026_release_01_pdfs/FBI_Photo_B17.pdf,PDF,file:///home/prime/Documents/g3/ufo/uap_files/AARO_2026_release_01_pdfs/FBI_Photo_B17.pdf,FBI_Photo_B17.pdf,PDF,ufo_release/FBI/PDF/FBI_Photo_B17.pdf
FBI Photo B18,FBI,5/8/26,Late 2025,Western United States,file:///home/prime/Documents/g3/ufo/uap_files/AARO_2026_release_01_pdfs/FBI_Photo_B18.pdf,PDF,file:///home/prime/Documents/g3/ufo/uap_files/AARO_2026_release_01_pdfs/FBI_Photo_B18.pdf,FBI_Photo_B18.pdf,PDF,ufo_release/FBI/PDF/FBI_Photo_B18.pdf
FBI Photo B19,FBI,5/8/26,Late 2025,Western United States,file:///home/prime/Documents/g3/ufo/uap_files/AARO_2026_release_01_pdfs/FBI_Photo_B19.pdf,PDF,file:///home/prime/Documents/g3/ufo/uap_files/AARO_2026_release_01_pdfs/FBI_Photo_B19.pdf,FBI_Photo_B19.pdf,PDF,ufo_release/FBI/PDF/FBI_Photo_B19.pdf
FBI Photo B2,FBI,5/8/26,Late 2025,Western United States,file:///home/prime/Documents/g3/ufo/uap_files/AARO_2026_release_01_pdfs/FBI_Photo_B2.pdf,PDF,file:///home/prime/Documents/g3/ufo/uap_files/AARO_2026_release_01_pdfs/FBI_Photo_B2.pdf,FBI_Photo_B2.pdf,PDF,ufo_release/FBI/PDF/FBI_Photo_B2.pdf
FBI Photo B20,FBI,5/8/26,Late 2025,Western United States,file:///home/prime/Documents/g3/ufo/uap_files/AARO_2026_release_01_pdfs/FBI_Photo_B20.pdf,PDF,file:///home/prime/Documents/g3/ufo/uap_files/AARO_2026_release_01_pdfs/FBI_Photo_B20.pdf,FBI_Photo_B20.pdf,PDF,ufo_release/FBI/PDF/FBI_Photo_B20.pdf
FBI Photo B21,FBI,5/8/26,Late 2025,Western United States,file:///home/prime/Documents/g3/ufo/uap_files/AARO_2026_release_01_pdfs/FBI_Photo_B21.pdf,PDF,file:///home/prime/Documents/g3/ufo/uap_files/AARO_2026_release_01_pdfs/FBI_Photo_B21.pdf,FBI_Photo_B21.pdf,PDF,ufo_release/FBI/PDF/FBI_Photo_B21.pdf
FBI Photo B22,FBI,5/8/26,Late 2025,Western United States,file:///home/prime/Documents/g3/ufo/uap_files/AARO_2026_release_01_pdfs/FBI_Photo_B22.pdf,PDF,file:///home/prime/Documents/g3/ufo/uap_files/AARO_2026_release_01_pdfs/FBI_Photo_B22.pdf,FBI_Photo_B22.pdf,PDF,ufo_release/FBI/PDF/FBI_Photo_B22.pdf
FBI Photo B23,FBI,5/8/26,Late 2025,Western United States,file:///home/prime/Documents/g3/ufo/uap_files/AARO_2026_release_01_pdfs/FBI_Photo_B23.pdf,PDF,file:///home/prime/Documents/g3/ufo/uap_files/AARO_2026_release_01_pdfs/FBI_Photo_B23.pdf,FBI_Photo_B23.pdf,PDF,ufo_release/FBI/PDF/FBI_Photo_B23.pdf
FBI Photo B24,FBI,5/8/26,Late 2025,Western United States,file:///home/prime/Documents/g3/ufo/uap_files/AARO_2026_release_01_pdfs/FBI_Photo_B24.pdf,PDF,file:///home/prime/Documents/g3/ufo/uap_files/AARO_2026_release_01_pdfs/FBI_Photo_B24.pdf,FBI_Photo_B24.pdf,PDF,ufo_release/FBI/PDF/FBI_Photo_B24.pdf
FBI Photo B3,FBI,5/8/26,Late 2025,Western United States,file:///home/prime/Documents/g3/ufo/uap_files/AARO_2026_release_01_pdfs/FBI_Photo_B3.pdf,PDF,file:///home/prime/Documents/g3/ufo/uap_files/AARO_2026_release_01_pdfs/FBI_Photo_B3.pdf,FBI_Photo_B3.pdf,PDF,ufo_release/FBI/PDF/FBI_Photo_B3.pdf
FBI Photo B4,FBI,5/8/26,Late 2025,Western United States,file:///home/prime/Documents/g3/ufo/uap_files/AARO_2026_release_01_pdfs/FBI_Photo_B4.pdf,PDF,file:///home/prime/Documents/g3/ufo/uap_files/AARO_2026_release_01_pdfs/FBI_Photo_B4.pdf,FBI_Photo_B4.pdf,PDF,ufo_release/FBI/PDF/FBI_Photo_B4.pdf
FBI Photo B5,FBI,5/8/26,Late 2025,Western United States,file:///home/prime/Documents/g3/ufo/uap_files/AARO_2026_release_01_pdfs/FBI_Photo_B5.pdf,PDF,file:///home/prime/Documents/g3/ufo/uap_files/AARO_2026_release_01_pdfs/FBI_Photo_B5.pdf,FBI_Photo_B5.pdf,PDF,ufo_release/FBI/PDF/FBI_Photo_B5.pdf
FBI Photo B6,FBI,5/8/26,Late 2025,Western United States,file:///home/prime/Documents/g3/ufo/uap_files/AARO_2026_release_01_pdfs/FBI_Photo_B6.pdf,PDF,file:///home/prime/Documents/g3/ufo/uap_files/AARO_2026_release_01_pdfs/FBI_Photo_B6.pdf,FBI_Photo_B6.pdf,PDF,ufo_release/FBI/PDF/FBI_Photo_B6.pdf
FBI Photo B7,FBI,5/8/26,Late 2025,Western United States,file:///home/prime/Documents/g3/ufo/uap_files/AARO_2026_release_01_pdfs/FBI_Photo_B7.pdf,PDF,file:///home/prime/Documents/g3/ufo/uap_files/AARO_2026_release_01_pdfs/FBI_Photo_B7.pdf,FBI_Photo_B7.pdf,PDF,ufo_release/FBI/PDF/FBI_Photo_B7.pdf
FBI Photo B8,FBI,5/8/26,Late 2025,Western United States,file:///home/prime/Documents/g3/ufo/uap_files/AARO_2026_release_01_pdfs/FBI_Photo_B8.pdf,PDF,file:///home/prime/Documents/g3/ufo/uap_files/AARO_2026_release_01_pdfs/FBI_Photo_B8.pdf,FBI_Photo_B8.pdf,PDF,ufo_release/FBI/PDF/FBI_Photo_B8.pdf
FBI Photo B9,FBI,5/8/26,Late 2025,Western United States,file:///home/prime/Documents/g3/ufo/uap_files/AARO_2026_release_01_pdfs/FBI_Photo_B9.pdf,PDF,file:///home/prime/Documents/g3/ufo/uap_files/AARO_2026_release_01_pdfs/FBI_Photo_B9.pdf,FBI_Photo_B9.pdf,PDF,ufo_release/FBI/PDF/FBI_Photo_B9.pdf
"NASA-UAP-D1, Apollo 12 Transcript, 1969",NASA,5/8/26,1969,Moon,file:///home/prime/Documents/g3/ufo/uap_files/AARO_2026_release_01_pdfs/NASA-UAP-D1__Apollo_12_Transcript__1969.pdf,PDF,file:///home/prime/Documents/g3/ufo/uap_files/AARO_2026_release_01_pdfs/NASA-UAP-D1__Apollo_12_Transcript__1969.pdf,NASA-UAP-D1__Apollo_12_Transcript__1969.pdf,PDF,ufo_release/NASA/PDF/NASA-UAP-D1__Apollo_12_Transcript__1969.pdf
"NASA-UAP-D2, Apollo 17 Transcript, 1972",NASA,5/8/26,1972,Moon,file:///home/prime/Documents/g3/ufo/uap_files/AARO_2026_release_01_pdfs/NASA-UAP-D2__Apollo_17_Transcript__1972.pdf,PDF,file:///home/prime/Documents/g3/ufo/uap_files/AARO_2026_release_01_pdfs/NASA-UAP-D2__Apollo_17_Transcript__1972.pdf,NASA-UAP-D2__Apollo_17_Transcript__1972.pdf,PDF,ufo_release/NASA/PDF/NASA-UAP-D2__Apollo_17_Transcript__1972.pdf
"NASA-UAP-D3, Gemini 7 Transcript, 1965",NASA,5/8/26,1965,Moon,file:///home/prime/Documents/g3/ufo/uap_files/AARO_2026_release_01_pdfs/NASA-UAP-D3__Gemini_7_Transcript__1965.pdf,PDF,file:///home/prime/Documents/g3/ufo/uap_files/AARO_2026_release_01_pdfs/NASA-UAP-D3__Gemini_7_Transcript__1965.pdf,NASA-UAP-D3__Gemini_7_Transcript__1965.pdf,PDF,ufo_release/NASA/PDF/NASA-UAP-D3__Gemini_7_Transcript__1965.pdf
"NASA-UAP-D4, Apollo 11 Technical Crew Debriefing, 1969",NASA,5/8/26,,,file:///home/prime/Documents/g3/ufo/uap_files/AARO_2026_release_01_pdfs/NASA-UAP-D4__Apollo_11_Technical_Crew_Debriefing__1969.pdf,PDF,file:///home/prime/Documents/g3/ufo/uap_files/AARO_2026_release_01_pdfs/NASA-UAP-D4__Apollo_11_Technical_Crew_Debriefing__1969.pdf,NASA-UAP-D4__Apollo_11_Technical_Crew_Debriefing__1969.pdf,PDF,ufo_release/NASA/PDF/NASA-UAP-D4__Apollo_11_Technical_Crew_Debriefing__1969.pdf
"NASA-UAP-D5, Apollo 17 Crew Debriefing for Science, 1973",NASA,5/8/26,,,file:///home/prime/Documents/g3/ufo/uap_files/AARO_2026_release_01_pdfs/NASA-UAP-D5__Apollo_17_Crew_Debriefing_for_Science__1973.pdf,PDF,file:///home/prime/Documents/g3/ufo/uap_files/AARO_2026_release_01_pdfs/NASA-UAP-D5__Apollo_17_Crew_Debriefing_for_Science__1973.pdf,NASA-UAP-D5__Apollo_17_Crew_Debriefing_for_Science__1973.pdf,PDF,ufo_release/NASA/PDF/NASA-UAP-D5__Apollo_17_Crew_Debriefing_for_Science__1973.pdf
"NASA-UAP-D6, Apollo 17 Technical Crew Debriefing, 1973",NASA,5/8/26,,,file:///home/prime/Documents/g3/ufo/uap_files/AARO_2026_release_01_pdfs/NASA-UAP-D6__Apollo_17_Technical_Crew_Debriefing__1973.pdf,PDF,file:///home/prime/Documents/g3/ufo/uap_files/AARO_2026_release_01_pdfs/NASA-UAP-D6__Apollo_17_Technical_Crew_Debriefing__1973.pdf,NASA-UAP-D6__Apollo_17_Technical_Crew_Debriefing__1973.pdf,PDF,ufo_release/NASA/PDF/NASA-UAP-D6__Apollo_17_Technical_Crew_Debriefing__1973.pdf
"NASA-UAP-D7, Skylab Techincal Crew Debriefing 1973",NASA,5/8/26,,,file:///home/prime/Documents/g3/ufo/uap_files/AARO_2026_release_01_pdfs/NASA-UAP-D7__Skylab_Techincal_Crew_Debriefing_1973.pdf,PDF,file:///home/prime/Documents/g3/ufo/uap_files/AARO_2026_release_01_pdfs/NASA-UAP-D7__Skylab_Techincal_Crew_Debriefing_1973.pdf,NASA-UAP-D7__Skylab_Techincal_Crew_Debriefing_1973.pdf,PDF,ufo_release/NASA/PDF/NASA-UAP-D7__Skylab_Techincal_Crew_Debriefing_1973.pdf
"NASA-UAP-VM1, Apollo 12, 1969",NASA,5/8/26,1969,Moon,file:///home/prime/Documents/g3/ufo/uap_files/AARO_2026_release_01_images/NASA-UAP-VM1__Apollo_12__1969.jpg,IMG,file:///home/prime/Documents/g3/ufo/uap_files/AARO_2026_release_01_images/NASA-UAP-VM1__Apollo_12__1969.jpg,NASA-UAP-VM1__Apollo_12__1969.jpg,IMG,ufo_release/NASA/IMG/NASA-UAP-VM1__Apollo_12__1969.jpg
"NASA-UAP-VM2, Apollo 12, 1969",NASA,5/8/26,1969,Moon,file:///home/prime/Documents/g3/ufo/uap_files/AARO_2026_release_01_images/NASA-UAP-VM2__Apollo_12__1969.jpg,IMG,file:///home/prime/Documents/g3/ufo/uap_files/AARO_2026_release_01_images/NASA-UAP-VM2__Apollo_12__1969.jpg,NASA-UAP-VM2__Apollo_12__1969.jpg,IMG,ufo_release/NASA/IMG/NASA-UAP-VM2__Apollo_12__1969.jpg
"NASA-UAP-VM3, Apollo 12, 1969",NASA,5/8/26,1969,Moon,file:///home/prime/Documents/g3/ufo/uap_files/AARO_2026_release_01_images/NASA-UAP-VM3__Apollo_12__1969.jpg,IMG,file:///home/prime/Documents/g3/ufo/uap_files/AARO_2026_release_01_images/NASA-UAP-VM3__Apollo_12__1969.jpg,NASA-UAP-VM3__Apollo_12__1969.jpg,IMG,ufo_release/NASA/IMG/NASA-UAP-VM3__Apollo_12__1969.jpg
"NASA-UAP-VM4, Apollo 12, 1969",NASA,5/8/26,1969,Moon,file:///home/prime/Documents/g3/ufo/uap_files/AARO_2026_release_01_images/NASA-UAP-VM4__Apollo_12__1969.jpg,IMG,file:///home/prime/Documents/g3/ufo/uap_files/AARO_2026_release_01_images/NASA-UAP-VM4__Apollo_12__1969.jpg,NASA-UAP-VM4__Apollo_12__1969.jpg,IMG,ufo_release/NASA/IMG/NASA-UAP-VM4__Apollo_12__1969.jpg
"NASA-UAP-VM5, Apollo 12, 1969",NASA,5/8/26,1969,Moon,file:///home/prime/Documents/g3/ufo/uap_files/AARO_2026_release_01_images/NASA-UAP-VM5__Apollo_12__1969.jpg,IMG,file:///home/prime/Documents/g3/ufo/uap_files/AARO_2026_release_01_images/NASA-UAP-VM5__Apollo_12__1969.jpg,NASA-UAP-VM5__Apollo_12__1969.jpg,IMG,ufo_release/NASA/IMG/NASA-UAP-VM5__Apollo_12__1969.jpg
"NASA-UAP-VM6, Apollo 17, 1972",NASA,5/8/26,1972,Moon,file:///home/prime/Documents/g3/ufo/uap_files/AARO_2026_release_01_images/NASA-UAP-VM6__Apollo_17__1972.jpg,IMG,file:///home/prime/Documents/g3/ufo/uap_files/AARO_2026_release_01_images/NASA-UAP-VM6__Apollo_17__1972.jpg,NASA-UAP-VM6__Apollo_17__1972.jpg,IMG,ufo_release/NASA/IMG/NASA-UAP-VM6__Apollo_17__1972.jpg
"State Department UAP Cable 1, Papua New Guinea, January 28, 1985",Department of State,5/8/26,1/24/85,Papua New Guinea,file:///home/prime/Documents/g3/ufo/uap_files/AARO_2026_release_01_pdfs/State_Department_UAP_Cable_1__Papua_New_Guinea__January_28__1985.pdf,PDF,file:///home/prime/Documents/g3/ufo/uap_files/AARO_2026_release_01_pdfs/State_Department_UAP_Cable_1__Papua_New_Guinea__January_28__1985.pdf,State_Department_UAP_Cable_1__Papua_New_Guinea__January_28__1985.pdf,PDF,ufo_release/Department of State/PDF/State_Department_UAP_Cable_1__Papua_New_Guinea__January_28__1985.pdf
"State Department UAP Cable 2, Kazakhstan, January 31, 1994",Department of State,5/8/26,1/27/94,Kazakhstan,file:///home/prime/Documents/g3/ufo/uap_files/AARO_2026_release_01_pdfs/State_Department_UAP_Cable_2__Kazakhstan__January_31__1994.pdf,PDF,file:///home/prime/Documents/g3/ufo/uap_files/AARO_2026_release_01_pdfs/State_Department_UAP_Cable_2__Kazakhstan__January_31__1994.pdf,State_Department_UAP_Cable_2__Kazakhstan__January_31__1994.pdf,PDF,ufo_release/Department of State/PDF/State_Department_UAP_Cable_2__Kazakhstan__January_31__1994.pdf
"State Department UAP Cable 3, Tbilisi, Georgia, October 30, 2001",Department of State,5/8/26,10/28/2001-10/29/2001,Georgia,file:///home/prime/Documents/g3/ufo/uap_files/AARO_2026_release_01_pdfs/State_Department_UAP_Cable_3__Tbilisi__Georgia__October_30__2001.pdf,PDF,file:///home/prime/Documents/g3/ufo/uap_files/AARO_2026_release_01_pdfs/State_Department_UAP_Cable_3__Tbilisi__Georgia__October_30__2001.pdf,State_Department_UAP_Cable_3__Tbilisi__Georgia__October_30__2001.pdf,PDF,ufo_release/Department of State/PDF/State_Department_UAP_Cable_3__Tbilisi__Georgia__October_30__2001.pdf
"State Department UAP Cable 4, Ashgabat, Turkmenistan, November 5, 2004",Department of State,5/8/26,11/5/04,Turkmenistan,file:///home/prime/Documents/g3/ufo/uap_files/AARO_2026_release_01_pdfs/State_Department_UAP_Cable_4__Ashgabat__Turkmenistan__November_5__2004.pdf,PDF,file:///home/prime/Documents/g3/ufo/uap_files/AARO_2026_release_01_pdfs/State_Department_UAP_Cable_4__Ashgabat__Turkmenistan__November_5__2004.pdf,State_Department_UAP_Cable_4__Ashgabat__Turkmenistan__November_5__2004.pdf,PDF,ufo_release/Department of State/PDF/State_Department_UAP_Cable_4__Ashgabat__Turkmenistan__November_5__2004.pdf
"State Department UAP Cable 5, Mexico, September 16, 2003",Department of State,5/8/26,9/12/03,Mexico,file:///home/prime/Documents/g3/ufo/uap_files/AARO_2026_release_01_pdfs/State_Department_UAP_Cable_5__Mexico__September_16__2003.pdf,PDF,file:///home/prime/Documents/g3/ufo/uap_files/AARO_2026_release_01_pdfs/State_Department_UAP_Cable_5__Mexico__September_16__2003.pdf,State_Department_UAP_Cable_5__Mexico__September_16__2003.pdf,PDF,ufo_release/Department of State/PDF/State_Department_UAP_Cable_5__Mexico__September_16__2003.pdf
USPER Statement about UAP Sighting,Department of State,5/8/26,Late 2025,United States,file:///home/prime/Documents/g3/ufo/uap_files/AARO_2026_release_01_pdfs/USPER_Statement_about_UAP_Sighting.pdf,PDF,file:///home/prime/Documents/g3/ufo/uap_files/AARO_2026_release_01_pdfs/USPER_Statement_about_UAP_Sighting.pdf,USPER_Statement_about_UAP_Sighting.pdf,PDF,ufo_release/Department of State/PDF/USPER_Statement_about_UAP_Sighting.pdf
FBI September 2023 Sighting - Composite Sketch,FBI,5/8/26,9/1/23,United States,file:///home/prime/Documents/g3/ufo/uap_files/AARO_2026_release_01_pdfs/FBI_September_2023_Sighting_-_Composite_Sketch.pdf,PDF,file:///home/prime/Documents/g3/ufo/uap_files/AARO_2026_release_01_pdfs/FBI_September_2023_Sighting_-_Composite_Sketch.pdf,FBI_September_2023_Sighting_-_Composite_Sketch.pdf,PDF,ufo_release/FBI/PDF/FBI_September_2023_Sighting_-_Composite_Sketch.pdf
FBI September 2023 Sighting - Serial 3,FBI,5/8/26,9/1/23,United States,file:///home/prime/Documents/g3/ufo/uap_files/AARO_2026_release_01_pdfs/FBI_September_2023_Sighting_-_Serial_3.pdf,PDF,file:///home/prime/Documents/g3/ufo/uap_files/AARO_2026_release_01_pdfs/FBI_September_2023_Sighting_-_Serial_3.pdf,FBI_September_2023_Sighting_-_Serial_3.pdf,PDF,ufo_release/FBI/PDF/FBI_September_2023_Sighting_-_Serial_3.pdf
FBI September 2023 Sighting - Serial 4,FBI,5/8/26,9/1/23,United States,file:///home/prime/Documents/g3/ufo/uap_files/AARO_2026_release_01_pdfs/FBI_September_2023_Sighting_-_Serial_4.pdf,PDF,file:///home/prime/Documents/g3/ufo/uap_files/AARO_2026_release_01_pdfs/FBI_September_2023_Sighting_-_Serial_4.pdf,FBI_September_2023_Sighting_-_Serial_4.pdf,PDF,ufo_release/FBI/PDF/FBI_September_2023_Sighting_-_Serial_4.pdf
FBI September 2023 Sighting - Serial 5,FBI,5/8/26,9/1/23,United States,file:///home/prime/Documents/g3/ufo/uap_files/AARO_2026_release_01_pdfs/FBI_September_2023_Sighting_-_Serial_5.pdf,PDF,file:///home/prime/Documents/g3/ufo/uap_files/AARO_2026_release_01_pdfs/FBI_September_2023_Sighting_-_Serial_5.pdf,FBI_September_2023_Sighting_-_Serial_5.pdf,PDF,ufo_release/FBI/PDF/FBI_September_2023_Sighting_-_Serial_5.pdf
Western US Event,Department of War,5/8/26,2023,Western United States,file:///home/prime/Documents/g3/ufo/uap_files/AARO_2026_release_01_pdfs/Western_US_Event.pdf,PDF,file:///home/prime/Documents/g3/ufo/uap_files/AARO_2026_release_01_pdfs/Western_US_Event.pdf,Western_US_Event.pdf,PDF,ufo_release/Department of War/PDF/Western_US_Event.pdf
